General information;;;;;Effects;;;Additionally;
UBI ID;Name of the UBI;Description;Threat source (characteristics and potential of the intruder);Object of impact;Privacy violation;Integrity violation;Availability violation;Date when the threat was added to the UBI BND;Date when the data was last modified
1;Threat of automatic distribution of malicious code in the grid system;"The threat consists in the possibility of introducing and running malicious code on behalf of a trusted process on any of the grid system resource centers and its automatic distribution to all grid system nodes. 
This threat is caused by weaknesses in grid computing technology – a high level of automation with low administratibility of the grid system. 
The implementation of this threat is possible if the violator has the privileges of a legal user of the grid system.";"External intruder with medium potential; Internal intruder with medium potential";Grid system resource centers;1;1;1;20.03.2015;08.02.2019
2;Threat of aggregation of data transmitted in the grid system;"The threat consists in the possibility of disclosure of protected information by the violator by identifying the nodes involved in its processing, collecting, analyzing and summarizing data intercepted in the grid system's data transmission network. 
This threat is caused by the weakness of grid computing technology – the use of unprotected Internet channels as a transport network of the grid system. 
Implementation of this threat is possible if the intruder has: 
forces and resources sufficient to compensate for the extreme distribution of grid tasks between grid system nodes; 
privileges sufficient to intercept data network traffic between grid system elements (nodes)";External intruder with medium potential;Network traffic;1;0;0;20.03.2015;08.02.2019
3;Threat of exploiting weaknesses in cryptographic algorithms and vulnerabilities in their implementation software;"The threat is the ability to identify weaknesses in cryptographic algorithms or vulnerabilities in the software that implements them. 
This threat is caused by weaknesses in cryptographic algorithms, as well as errors in the program code of cryptographic tools, their interface with the system, or their configuration parameters. 
The threat can be implemented if the intruder has information about the encryption tools used in the system, the encryption algorithms implemented in them, and their settings";"External intruder with medium potential; Internal intruder with medium potential";Metadata, system software;1;1;0;20.03.2015;29.11.2020
4;Threat of hardware reset of the BIOS password;"The threat lies in the possibility of resetting passwords set in the BIOS / UEFI without going through the authorization procedure in the system by de-energizing the BIOS chip (removing the battery) or installing a jumper in a regular place on the system board (switching the ""jumper"").
This threat is caused by vulnerabilities in some system (motherboards) – the presence of hardware password reset mechanisms installed in the BIOS/UEFI. 
This threat can be implemented if the intruder has physical access to the computer's system unit";Low-potential domestic intruder;BIOS/UEFI firmware and hardware;0;1;0;20.03.2015;08.02.2019
5;Threat of introducing malicious code in the BIOS;"The threat is the ability to force the BIOS/UEFI to execute malicious code every time the computer starts up by embedding it in the BIOS / UEFI by replacing the BIOS/UEFI chip or updating the BIOS/UEFI software to a version that already contains malicious code. 
This threat is caused by weaknesses in the control technologies for updating the BIOS/UEFI software and replacing the BIOS/UEFI chipset. 
The implementation of this threat is possible during the repair and maintenance of the computer";A high-potential domestic intruder;BIOS/UEFI firmware and hardware;1;1;1;20.03.2015;08.02.2019
6;Threat of code or data injection;"The threat consists in the possibility of an intruder introducing malicious code into a discredited information system or IoT device, which can then be launched ""manually"" by users, automatically if a certain condition is met (the user enters the system on a certain date, etc.) or using authentication data set ""by default"", as well as in the following cases: the possibility of unauthorized introduction of some of the violator's own data for processing into a discredited information system, in fact, having made illegal use of other people's computing resources, and blocking the operation of the device when executing certain commands. 
This threat is caused
by:  software vulnerabilities; 
weaknesses in anti-virus protection and access control measures; 
the presence of an open Telnet port on the IoT device (only for IoT devices).
This threat can be implemented:
if the discredited user works with files coming from untrusted sources; 
if he has software installation privileges;
if the owner does not change the IoT device credentials (factory password and login)";External intruder with low potential;System software, Application software, Network software;1;1;1;20.03.2015;08.02.2019
7;Threat of impact on programs with high privileges;"The threat consists in the possibility of an intruder increasing their privileges in a discredited system (obtaining the privilege of discredited programs) by exploiting errors in programs and executing arbitrary code with their privileges. 
This threat is caused by weaknesses in the input and command validation mechanism, as well as access control measures. 
This threat can be implemented if: 
the discredited program has elevated privileges in the system; 
the discredited program receives input data from other programs or from the user; 
the violator has the ability to transfer data to the discredited program";"External intruder with medium potential; Internal intruder with medium potential";Information system, virtual machine, network software, network traffic;1;1;0;20.03.2015;08.02.2019
8;Threat of recovery and / or reuse of authentication information;"The threat consists in the possibility of accessing user data as a result of selecting (for example, by full search or dictionary search) the authentication information of the discredited user account in the system, as well as by intercepting and reusing the password hash to restore the session.
This threat is caused by the following disadvantages: 
significantly smaller amount of data for the hash code of authentication information compared to it itself (the time for selecting hash codes is less than the time for full search of authentication information); 
weaknesses in the hash code calculation algorithm that allow it to be reused for successful authentication. 
Implementation of this threat is possible with the help of special software tools, as well as in some cases – ""manually""";"External intruder with low potential; Internal intruder with low potential";System software, firmware, user credentials;1;0;0;20.03.2015;15.11.2019
9;Threat to restore a previous vulnerable BIOS version;"The threat lies in the possibility of making a forced transition to using the BIOS/UEFI containing vulnerabilities. 
This threat is caused by weaknesses in the BIOS/UEFI software update monitoring technologies. 
When using the BIOS/UEFI update technology, the following situation may occur (the conditions that characterize the situation are listed in chronological order): 
a certain version of BIOS/UEFI is installed on the computer, for which no vulnerabilities are known at the time of its operation; 
due to some circumstances, the BIOS / UEFI undergoes the update procedure, while maintaining the previous version of the BIOS/ UEFI in case of a"" rollback "" of the system; 
data is published about the existence of vulnerabilities in the previous version of the BIOS/UEFI; 
the system crashes, as a result of which the current (new) version of the BIOS / UEFI becomes inoperable (for example, its integrity is violated); 
the user performs the standard procedure for restoring the system's health – performs the following operations: ""rollback"" of the system to the previous working state";Low-potential domestic intruder;BIOS/UEFI Firmware;1;1;1;20.03.2015;08.02.2019
10;Threat of a process leaving the VM;"The threat lies in the possibility that a malicious program can launch its own hypervisor, which functions at a level of logical interaction lower than the compromised hypervisor. 
This threat is caused by vulnerabilities in the hypervisor software, which implements the function of a sandboxed software environment for programs running in it, as well as weaknesses in hardware support instructions for virtualization at the processor level.
The implementation of this threat leads not only to the compromise of the hypervisor, but also to the protection tools running in the virtual environment created by it, and, consequently, to their inability to perform security functions against malicious programs that operate under the control of their own hypervisor.";"External intruder with medium potential; Internal intruder with medium potential";Information system, network node, storage medium, file system objects, user credentials, virtual machine image;1;1;1;20.03.2015;08.02.2019
11;Threat to deauthorize an authorized wireless network client;"The threat is caused by the ability to automatically terminate the connection of a wireless access point to an authorized wireless network client.
This threat is caused by the weakness of network communication technologies over wireless data transmission channels – information about the MAC addresses of wireless clients is available to all network interaction participants. 
The implementation of this threat is possible if the intruder connects a device to the wireless network, the MAC address of which will completely coincide with the MAC address of the discredited authorized client.";"External intruder with low potential; Internal intruder with low potential";Network Node;0;0;1;20.03.2015;08.02.2019
12;Threat of destructive changes to the program configuration/environment;"The threat consists in the possibility of destructive software impact on the discredited application by manipulating the configuration files or libraries used by it. 
This threat is caused by weaknesses in the integrity control measures of configuration files or libraries used by applications. 
This threat can be implemented if the violator has the rights to write to file objects associated with the configuration / environment of the program, or the ability to redirect requests of the discredited program from protected file objects to false ones.";Low-potential domestic intruder;System software, Application software, network software, firmware, metadata, file system objects, registry;1;1;1;20.03.2015;08.02.2019
13;Threat of destructive use of declared BIOS functionality;"The threat lies in the possibility of misuse of the declared BIOS/UEFI functionality to violate the integrity of information stored on external storage media and in the computer's random access memory. 
This threat is caused by vulnerabilities in the BIOS/UEFI software intended for testing and maintaining the computer (memory integrity checking tools, RAID controller management software, etc.). 
The implementation of this threat may be facilitated by the ability to update some BIOS/UEFI without passing authentication.";Low-potential domestic intruder;BIOS/UEFI Firmware;0;1;0;20.03.2015;08.02.2019
14;Threat of long-term retention of computing resources by users;"The threat consists in the ability of an intruder to restrict end-user access to a computing resource by forcibly holding it in a loaded state by repeatedly performing certain destructive actions or exploiting vulnerabilities in programs that distribute computing resources between tasks. 
This threat is caused by weaknesses in the load balancing and computing resource allocation mechanisms. 
A threat can be implemented if the intruder has the ability to make requests that collectively take longer to complete than the user's requests.";"External intruder with low potential; Internal intruder with low potential";Information system, network node, storage medium, system software, network software, network traffic;0;0;1;20.03.2015;08.02.2019
15;Threat of access to protected files using a workaround;"The threat consists in the possibility of an intruder gaining access to hidden / protected directories or files through various actions on the file system (adding additional characters in the file path; accessing files that are not explicitly specified in the application window). 
This threat is caused by weaknesses in the mechanism for delimiting access to file system objects. 
The implementation of this threat is possible under the following conditions:
 the violator has access rights to some file system objects; 
no verification of user input data;
 the discredited program has too high access privileges to files that are not supposed to be processed using it";"External intruder with low potential; Internal intruder with low potential";File system Objects;1;0;0;20.03.2015;08.02.2019
16;Threat of accessing local server files using URLs;"The threat consists in the possibility that the intruder sends a request for access to the user's file system to the discredited browser instead of a URL request. In this case, the browser executes this request with the rights it was granted at startup, and passes the data obtained as a result of this operation to the intruder. 
This threat is caused by weaknesses in the mechanism for checking user input requests, which does not distinguish between requests for file system access and URL requests. 
This threat can be implemented if the intruder has privileges to send requests to the browser operating in the discredited system.";External intruder with medium potential;Network Software;1;0;0;20.03.2015;08.02.2019
17;Threat of access/interception/modification of HTTP cookies;"The threat consists in the possibility of unauthorized access by the violator to the protected information (user accounts, certificates, etc.) contained in cookies, during their storage or transmission, in read mode (disclosure of confidentiality) or writing (making changes to implement the threat of spoofing a trusted user).
This threat is caused by weaknesses in the cookie protection measures: the lack of verification of the entered data by the network service that uses cookies, as well as the lack of encryption when transmitting cookies.
The implementation of this threat is possible under the conditions of successful unauthorized access to cookies by the violator and the lack of verification of the integrity of their values by the discredited application.";External intruder with low potential;Application software, network software;1;0;1;20.03.2015;08.02.2019
18;Threat of loading an abnormal operating system;"The threat consists in the possibility of an intruder replacing the loaded operating system by unauthorized reconfiguration of the access path to the operating system loader in the BIOS/UEFI.
This threat is caused by weaknesses in the technologies used to differentiate access to BIOS/UEFI management.
The implementation of this threat is possible if the following BIOS/UEFI configuration parameter is available to the intruder-indicating the source of loading the operating system";Low-potential domestic intruder;BIOS/UEFI Firmware;1;1;1;20.03.2015;08.02.2019
19;Threat of DNS cache infection;"The threat consists in the possibility of an intruder redirecting network traffic through its own network node by indirectly changing the correspondence tables of IP and domain names stored in the DNS server, by generating an avalanche of possible responses to a DNS server request to a legitimate user, or by exploiting DNS server vulnerabilities. 
This threat is caused by weaknesses in the authentication mechanisms of network interaction actors, as well as DNS server vulnerabilities that allow you to directly replace the DNS cache of the DNS server. 
This threat can be implemented if the intruder has sufficient privileges to send network requests to the DNS server.";External intruder with low potential;Network node, network software, network traffic;1;0;0;20.03.2015;08.02.2019
20;Threat of abuse of opportunities provided to consumers of cloud services;"The threat consists in the possibility that a consumer of cloud services (an intruder) can send spam, unauthorized access to the virtual machines of other cloud service consumers, or perform other destructive software actions on various systems using leased cloud server resources. 
This threat is caused by the fact that the consumer of cloud services can install their own software on the cloud server. 
This threat can be implemented by installing and running malicious software on the cloud server by the consumer of cloud services. Successful implementation of this threat by a cloud service consumer has a negative impact on the reputation of the cloud service provider";Low-potential domestic intruder;Cloud system, virtual machine;1;1;1;20.03.2015;08.02.2019
21;Threat of abuse of trust of cloud service consumers;"The threat consists in the possibility that the security of cloud service consumers ' information may be violated (accidentally or intentionally) by internal intruders of the cloud service provider.
This threat is caused by the fact that a significant part of the security functions has been transferred to the responsibility of the cloud service provider, as well as the inability of the cloud service consumer to take protection measures against the actions of the cloud service provider's employees. 
This threat can be implemented if cloud service consumers are not part of the organization that provides these cloud services (i.e., the consumer has actually transferred their own information to the provider for processing).";External intruder with low potential;Cloud system;1;1;0;20.03.2015;08.02.2019
22;Threat of excessive RAM allocation;"The threat consists in the possibility of allocating significant RAM resources to serve malware requests and, accordingly, reducing the amount of RAM resources available in the system for allocating in response to requests from legitimate users ' programs.
This threat is caused by the presence of weaknesses in the mechanism for controlling the allocation of RAM to various programs. 
This threat can be implemented if malicious software is found in the active state of the system";"External intruder with low potential; Internal intruder with low potential";Hardware, System software, Network software;0;0;1;20.03.2015;08.02.2019
23;Threat of changing components of an information (automated) system;"The threat consists in the possibility of an intruder gaining access to the network, files, bookmarks, etc. by unauthorized changes in the composition of the software or hardware of the information system, which in the future will allow this intruder (or another external one who has discovered an unauthorized access channel to the system) to perform unauthorized actions in this system. 
This threat is caused by weaknesses in control measures for the integrity of the hardware configuration of the information system. 
This threat can be implemented if the violator successfully obtains the necessary permissions in the system and is able to connect additional peripheral equipment";Low-potential domestic intruder;Information system, server, workstation, virtual machine, system software, application software, hardware;1;1;1;20.03.2015;15.11.2019
24;Threat of changing the operating modes of computer hardware elements;"The threat lies in the possibility of an intruder changing the operating modes of the computer's hardware elements by unauthorized reconfiguration of the BIOS/UEFI, which allows: 
by changing the system bus frequency, data transmission mode over communication channels, etc. to affect the overall performance of the computer or cause malfunctions in its operation;
by lowering the input voltage, turning off cooling systems temporarily ensure that the computer is inoperable; 
by setting invalid parameters for the operation of devices (the threshold value for disconnecting the device in case of overheating, input voltage, etc.), lead to physical failure of individual hardware elements of the computer. 
This threat is caused by weaknesses in the technologies used to differentiate access to BIOS/UEFI management.
The implementation of this threat is possible if the intruder has privileges to change the corresponding BIOS/UEFI settings.";A high-potential domestic intruder;BIOS/UEFI firmware and hardware;0;1;1;20.03.2015;08.02.2019
25;Threat of changing system and global variables;"The threat consists in the possibility of an intruder's indirect destructive software impact on some programs or the system as a whole by changing the common system and global variables used by discredited programs. 
This threat is caused by weaknesses in the shared memory access control mechanism, as well as vulnerabilities in application software modules that control the integrity of external variables. 
The implementation of this threat is possible if the violator has successfully unauthorized access to system and global variables and there is no verification of the integrity of their values by the discredited application";An internal intruder with an average potential;System software, Application software, Network software;1;1;1;20.03.2015;08.02.2019
26;Threat of XML schema corruption;"The threat consists in the possibility of an intruder changing the algorithm of information processing by applications operating on the basis of XML schemas, up to bringing the application into a ""denial of service"" state, by changing the XML schema transmitted between the client and the server. 
This threat is caused by weaknesses in measures to ensure the integrity of data transmitted during client-server interaction, as well as weaknesses in the network interaction mechanism of open systems.
The implementation of this threat is possible if the violator has successfully unauthorized access to network traffic transmitted between the client and server, and the discredited application does not check the integrity of the XML schema.";"External intruder with medium potential; Internal intruder with medium potential";Network node, network software, network traffic;0;1;1;20.03.2015;08.02.2019
27;Threat of distortion of information entered and output to peripheral devices;"The threat consists in the possibility of misinformation of users or automatic control systems by replacing or distorting the source data coming from sensors, keyboards or other input devices, as well as replacing or distorting information output to the printer, operator's display or other peripheral devices.
This threat is caused by weaknesses in anti-virus protection measures and control over the validity of input and output data, as well as errors made during special checks of computer hardware. 
This threat can be implemented if the discredited information system contains malicious software (for example, virtual device drivers) or hardware bookmarks";"External intruder with high potential; Internal intruder with low potential";System software, Application software, Network software, hardware;0;1;0;20.03.2015;08.02.2019
28;Threat of using alternative ways to access resources;"The threat consists in the possibility of unauthorized access to protected information by an intruder bypassing standard mechanisms using non-standard interfaces (including access via the command line bypassing the graphical interface).
This threat is caused by weaknesses in access control measures for protected information, and weaknesses in filtering input data. 
This threat can be implemented if the violator has:
the ability to enter arbitrary data in the address bar; 
information about the path to the protected resource; 
the ability to change the input data input interface";"External intruder with low potential; Internal intruder with low potential";Network node, file system objects, application software, system software;1;0;0;20.03.2015;08.02.2019
29;"Threat of using supercomputer computing resources by ""parasitic"" processes";"The threat consists in the possibility of a significant decrease in the performance of the computing field of the supercomputer and the efficiency of running current parallel calculations on it due to the consumption of computing resources of the supercomputer by ""parasitic"" processes (""descendant processes"" of previous tasks or processes launched by malicious software).
This threat is caused by weaknesses in memory cleaning measures for ""descendant processes"" of completed tasks, as well as processes started by malicious software. 
The implementation of this threat is possible if the completed tasks are completed incorrectly or if malicious processes are present in the supercomputer's memory in the active state";"External intruder with low potential; Internal intruder with low potential";Computing nodes of a supercomputer;0;0;1;20.03.2015;08.02.2019
30;Threat of using default identification/authentication information;"The threat consists in the possibility for the violator to pass the authorization procedure based on identification and authentication information obtained from open SOURCES_X000D_
or from the information service corresponding to the ""default"" account of the discredited security object. 
This threat is caused by the fact that many software and hardware manufacturers provide ""default"" accounts intended for initial login to the system, or by the fact that when passing the registration procedure on the information service, the automatic password generation mechanism issues the same or similar passwords to users with similar logins. Moreover, on many devices, 
identification and authentication information can be returned to the ""default"" setting after performing a hardware reset of system parameters (the Reset function). 
The implementation of this threat is possible under one of the following conditions:
 the violator has information about the manufacturer/model of the security object and the availability in open sources of information about identification and authentication information corresponding to the ""default"" account for the security object;  the
violator successfully completes the procedure for identifying this information during the analysis of the program code of the discredited security object
whether the intruder has information about the login used when registering the attacked user";"Internal intruder with low potential; External intruder with medium potential";Information protection tools, system software, network software, firmware, software and hardware with built-in protection functions;1;1;1;20.03.2015;25.11.2020
31;Threat of using authorization mechanisms for privilege escalation;"The threat lies in the possibility of an intruder gaining access to data and functions intended for accounts with higher privileges than the intruder, due to errors in the configuration parameters of access control tools. At the same time, the intruder does not perform a destructive software impact on the system to increase its privileges, but only uses existing errors.
This threat is caused by weaknesses in program and file access control measures. 
This threat can be implemented if the intruder has any privileges in the system";"External intruder with low potential; Internal intruder with low potential";System software, Application software, Network software;1;0;0;20.03.2015;08.02.2019
32;Threat of using fake BIOS digital signatures;"The threat consists in the possibility of installing a vulnerable version of the BIOS/UEFI update or a version containing malicious software but digitally signed. 
This threat is caused by weaknesses in measures to control the reliability of digital signature issuing centers.
This threat can be implemented if an unreliable certificate authority issues a digital signature for a version of the BIOS/UEFI update containing vulnerabilities, or for a version containing malicious software (i.e., if such a center performs forgery), as well as if the intruder substitutes a trusted update source";External intruder with medium potential;BIOS/UEFI firmware and hardware;0;1;0;20.03.2015;08.02.2019
33;Threat of exploiting weaknesses in input data encoding;"The threat consists in the possibility of the violator of destructive information impact on the discredited system by manipulating the values of input data and the form of their provision (alternative encodings, incorrect file extension, etc.). 
This threat is caused by weaknesses in the input data control mechanism. 
This threat can be implemented under the following conditions: 
the discredited system accepts input data from the intruder; 
the intruder has the ability to control one or more input data parameters";"External intruder with medium potential; Internal intruder with medium potential";System software, Application software, Network software, Firmware, Registry;0;1;1;20.03.2015;08.02.2019
34;Threat of exploiting weaknesses in network/local data exchange protocols;"The threat consists in the possibility of unauthorized access by the violator to the protected information transmitted in the system due to the destructive impact on the network/local data exchange protocols in the system by violating the rules for using these protocols.
This threat is caused by weaknesses in the protocols themselves (the algorithms embedded in them), errors made during the implementation of protocols, or vulnerabilities introduced by automated design/development tools. 
This threat can be implemented if there are weaknesses in the network/local data exchange protocols.";"External intruder with low potential; Internal intruder with low potential";System software, Network software, Network traffic;1;1;1;20.03.2015;15.11.2019
35;Threat of using weak cryptographic BIOS algorithms;"The threat lies in the complexity of verifying real operation parameters and algorithms implemented in BIOS/UEFI cryptographic tools. However, trust in cryptographic protection will be limited to trust in the BIOS manufacturer. 
This threat is caused by the complexity of using native cryptographic algorithms in the BIOS/UEFI software. 
The ability to implement this threat reduces the reliability of the assessment of the real level of security of the system";External intruder with high potential;BIOS/UEFI Firmware;1;1;1;20.03.2015;08.02.2019
36;Threat of research of the program's working mechanisms;"The threat consists in the possibility for the violator to reverse engineer the program code and further study its structure, functionality, and composition in order to determine the program's algorithm and search for vulnerabilities in it.
This threat is caused by weaknesses in the mechanism for protecting the program code from research. 
This threat can be implemented if:
 the intruder has access to the source files of the program;
 the intruder has access to the program distribution and there is no mechanism to protect the program code from investigation";"External intruder with medium potential; Internal intruder with medium potential";System software, Application software, Network software, Firmware;1;0;1;20.03.2015;08.02.2019
37;Threat of app research through bug reports;"The threat lies in the possibility of an intruder investigating the algorithm of the discredited application and its intended structure by analyzing the error reports generated by this application. 
This threat is caused by the placement of protected information (or information that can be generalized to reveal protected information about the system) in the generated error reports. 
This threat can be implemented if the intruder has access to error reports generated by the application and there is redundancy in the data contained in them.";"External intruder with medium potential; Internal intruder with medium potential";System software, Application software, Network software, Firmware;1;0;0;20.03.2015;08.02.2019
38;Threat of running out of computing resources for big data storage;"The threat lies in the possibility of a temporary denial-of-service condition in the big data warehouse. 
This threat is caused by the constant difficult-to-control filling of occupied disk space due to data continuously coming from various information sources, and weaknesses in information access and storage technologies in big data warehouses. 
The implementation of this threat is possible if the data transfer rate is instantaneous (current) exceeding the speed of their storage (due to insufficient bandwidth of the communication channel or the speed of allocating free space and saving incoming data to it) or if there is a temporary lack of free space in the storage (due to incorrect storage management or as a result of the intruder's destructive software effects on the storage filling control mechanism by changing parameters or logic of its operation)";Low-potential domestic intruder;Information system;0;0;1;20.03.2015;08.02.2019
39;Threat of running out of keys required for updating the BIOS;"The threat lies in the possibility of violation (impossibility of implementation) of the BIOS/UEFI update procedure when the stock of keys necessary for its implementation is exhausted.
This threat is caused by a limited set of keys required for updating the BIOS/UEFI.
The implementation of this threat is possible by exploiting vulnerabilities in the key set update tools, or by using key search software tools by the violator.";External intruder with medium potential;BIOS/UEFI Firmware;0;1;0;20.03.2015;08.02.2019
40;Threat of a conflict of jurisdictions in different countries;"The threat consists in the possibility of refusal to transfer protected information across borders within the framework of cloud services in accordance with the requirements of the local legislation of countries whose residents participate in the provision of cloud services. 
This threat is caused by the fact that, depending on the specifics of the legislation of various countries whose residents participate in the provision of cloud services, legal measures of various jurisdictions can be used to ensure information security. 
The implementation of this threat is possible provided that information security in the course of providing cloud services is subject to legal measures of various jurisdictions that contradict each other in a number of issues";External intruder with low potential;Cloud system;0;0;1;20.03.2015;08.02.2019
41;Cross-site Scripting Threat;"The threat lies in the possibility of the intruder introducing malicious code sections on the site of the discredited system in such a way that it will be executed on the workstation of the user viewing this site. 
This threat is caused by weaknesses in the security verification mechanism when processing requests and data coming from the website. 
The threat can be implemented if the client software supports script execution, and the intruder has the ability to send requests and data to the discredited system.";External intruder with low potential;Network node, network software;1;1;1;20.03.2015;08.02.2019
42;Threat of cross-site request forgery;"The threat consists in the possibility that the violator sends a link to a web resource containing malicious code to the discredited user, and when they click on it, illegal malicious actions will automatically be performed on behalf of the discredited user. 
This threat is caused by browser vulnerabilities that allow you to perform actions without confirmation or authentication by a discredited user. 
The threat can be implemented if the discredited user saves authentication information using the browser.";External intruder with medium potential;Network node, network software;1;1;1;20.03.2015;08.02.2019
43;Threat of cloud server availability violation;"The threat is the possibility of stopping the provision of cloud services to all consumers (or a group of consumers) due to a violation of the availability of cloud infrastructure for them. 
This threat is caused by the fact that ensuring availability is not a specific requirement for information security for cloud technologies, and, in addition, cloud systems are implemented in accordance with a service-oriented approach. 
This threat can be implemented when one or more cloud servers go into a denial-of-service state. Moreover, the ability to dynamically change the volume of cloud services provided to consumers can be used by an intruder to implement a threat. At the same time, a successfully implemented threat against just one cloud service can disrupt the availability of the entire cloud system.";"External intruder with low potential; Internal intruder with low potential";Cloud system, cloud server;0;0;1;20.03.2015;08.02.2019
44;Threat of breaking the isolation of user data inside the VM;"The threat consists in the possibility that malicious software operating outside the VM can compromise the security of user data of programs operating inside the VM.
This threat is caused by the presence of vulnerabilities in the hypervisor software, which ensures that the address space used for storing user data of programs operating inside the VM is isolated from unauthorized access by malicious software operating outside the VM.
The implementation of this threat is possible if the malicious program code successfully overcomes the boundaries of the virtual machine not only by exploiting the hypervisor's vulnerabilities, but also by performing such an impact from lower (relative to the hypervisor) levels of system functioning";"External intruder with medium potential; Internal intruder with medium potential";Virtual machine, hypervisor;1;1;1;20.03.2015;08.02.2019
45;Threat of BIOS execution environment isolation violation;"The threat consists in the possibility of changing the parameters and/or logic of the BIOS / UEFI software operation by software intervention from the computer's operating system or by unauthorized access to the network communication channel of the server service processor.
This threat is caused by weaknesses in technologies used to differentiate access to the BIOS / UEFI, its administration and update functions, from the operating system or communication channels. 
This threat can be implemented:
from the operating system – provided that the BIOS/UEFI functionality is available for updating and/or managing the BIOS / UEFI software from the operating system; 
from the network side – provided that the discredited server service processor has sufficient privileges to manage the entire system, including modifying the BIOS/UEFI servers of the system, and the discredited server";Low-potential domestic intruder;BIOS/UEFI firmware and hardware;1;1;1;20.03.2015;08.02.2019
46;Threat of violation of the authentication procedure for subjects of virtual information interaction;"The threat lies in the possibility of spoofing the subject of virtual information interaction, as well as in the possibility of a state of inability to implement such interaction. 
This threat is caused by the presence of many different protocols for mutual identification and authentication of virtual, virtualized, and physical access subjects that interact with each other during data transfer both within one level of the virtual infrastructure and between its levels. 
This threat can be implemented if errors occur during authentication of subjects of virtual information interaction";"External intruder with low potential; Internal intruder with low potential";Network node, network software, metadata, user credentials;1;0;1;20.03.2015;08.02.2019
47;Threat of grid system failure under atypical network load;"The threat lies in the possibility of a significant decrease in the performance of the grid system, up to a temporary disruption of its performance when an atypical network load appears (including those caused by a distributed DoS attack, the activity of other users on the network, etc.). 
This threat is caused by the weakness of grid computing technologies – the performance of the grid system strongly depends on the load of communication channels, which is a consequence of the maximum territorial distribution of the grid system computing module among all types of information systems.
The implementation of this threat is possible if the grid system task manager does not have sufficient control over the state of individual grid system nodes";"External intruder with medium potential; Internal intruder with medium potential";Grid system, network traffic;0;0;1;20.03.2015;08.02.2019
48;Threat of violation of information processing technology by unauthorized changes to VM images;"The threat consists in the possibility of performing destructive software impact on the discredited system or indirect destructive software impact through it on other systems by performing unauthorized access to virtual machine images. 
This threat is caused by weaknesses in access control measures for VM images implemented in the virtualization software. 
The implementation of this threat may lead to: 
violation of the confidentiality of protected information processed using virtual machines created on the basis of unauthorized modified images; 
violation of the integrity of programs installed on virtual machines; 
violation of the availability of virtual machine resources;
creation of a botnet by injecting malicious software into virtual machine images used in virtual machines. as templates (reference images)";"External intruder with medium potential; Internal intruder with medium potential";Virtual machine image, network node, network software, virtual machine;1;1;1;20.03.2015;08.02.2019
49;Threat of cache data integrity violation;"The threat consists in the possibility of an intruder placing incorrect (potentially dangerous) data in the cache of an application (for example, a browser) or a service (for example, DNS or ARP) in such a way that the discredited application (or service) will consider this data correct before updating the cache. 
This threat is caused by weaknesses in the cache integrity control mechanism. 
This threat can be implemented if the attacker has successfully unauthorized access to cache data and there is no verification of the integrity of data in the cache by the discredited application (or service)";"External intruder with low potential; Internal intruder with low potential";Network Software;0;1;1;20.03.2015;08.02.2019
50;Threat of incorrect detection of the format of input data entering the big data warehouse;"The threat lies in the possibility of distortion of information stored in the big data warehouse, or failure to save when transferring data in some formats to it. 
This threat is caused by weaknesses in technologies for determining the format of input data based on additional service information (file headers and network packets, file extensions, etc.), as well as technologies for adaptive selection and application of methods for processing multi-format information in big data warehouses. 
This threat can be implemented if additional service information about the data does not correspond to its actual content for any reason, or the big data warehouse does not implement methods for processing data in the resulting format.";Low-potential domestic intruder;Big data storage, metadata;0;1;0;20.03.2015;08.02.2019
51;Threat of inability to restore the PC session when switching out of intermediate power states;"The threat lies in the possibility of losing unsaved data processed in the previous session of work on the computer, as well as in the possibility of losing time to resume work on the computer. 
This threat is caused by errors in the implementation of computer hardware and software components related to power supply. 
This threat can be implemented if the computer cannot be brought out of intermediate power states (""standby mode"", ""hibernation"", etc.).";Low-potential domestic intruder;Workstation, storage media, system software, metadata, file system objects, registry;0;1;1;20.03.2015;11.02.2019
52;Threat of not being able to migrate VM images due to hardware and software incompatibilities;"The threat is caused by the possibility that the cloud service consumer will have insurmountable difficulties in changing the cloud service provider due to technical difficulties in implementing the procedure for migrating VM images from the cloud system of one cloud service provider to the system of another. 
This threat is caused by the fact that each cloud service provider uses hardware and software from various manufacturers to implement its activities, some of which may use manufacturer-specific instructions, protocols, methods, switching schemes, and other features of implementing its functionality. 
This threat can be implemented if the standard software data exchange interfaces (APIs) for implementing the procedure for migrating VM images between different cloud service providers in one or both directions are incompatible. 
This threat also restricts the ability of the cloud service provider to change hardware and software manufacturers, which may lead to a violation of the integrity and availability of information due to the fault of the cloud service provider.";External intruder with low potential;Cloud infrastructure, virtual machine, hardware, system software;0;1;1;20.03.2015;11.02.2019
53;Threat of inability to manage user rights in the BIOS;"The threat lies in the possibility of unauthorized use by users of the declared BIOS/UEFI functionality aimed at administrators. 
This threat is caused by weaknesses in technologies for differentiating access (distribution of rights) to the BIOS/UEFI functionality between different users and administrators. 
This threat can be implemented if you have physical access to the terminal and, if necessary, to the computer's system unit.";Low-potential domestic intruder;BIOS/UEFI Firmware;1;1;1;20.03.2015;11.02.2019
54;Threat of unfair performance of obligations by cloud service providers;"The threat consists in the possibility of disclosure or damage to the integrity of the protected information of cloud service consumers by the cloud service provider, failure to meet the requirements for the quality level (availability level) of access to their programs or information systems imported into the cloud provided to cloud service consumers. 
This threat is caused by the inability of consumers to directly control the actions of cloud service provider employees.
Implementation of this threat is possible in cases of negligence on the part of employees of the cloud service provider, insufficient job descriptions and other instructions of these employees, insufficient measures for managing and ensuring the security of cloud services, etc.";External intruder with low potential;Information system, server, storage medium, metadata, file system objects;1;1;1;20.03.2015;11.02.2019
55;Threat of unsecured cloud service administration;"The threat consists in the possibility of implementing indirect destructive software effects on some or all of the information systems operating in the cloud environment, by intercepting control over the cloud infrastructure through remote administration mechanisms. 
This threat is caused by insufficient attention paid to monitoring the data entered by users of cloud services (including authentication data), as well as vulnerabilities in insecure data exchange interfaces (APIs) used by remote administration tools. 
This threat can be implemented if the intruder receives authentication information (when entering it in public places) from legitimate users, or exploits vulnerabilities in remote administration tools.";"External intruder with low potential; Internal intruder with low potential";Cloud system, workstation, network software;1;1;1;20.03.2015;11.02.2019
56;Threat of poor-quality infrastructure migration to the cloud;"The threat lies in the possibility of reducing the real level of security of an information system that immigrates to the cloud due to errors made during migration during the transformation of its real infrastructure to the cloud. 
This threat is caused by the fact that the transformation of even a part of the information system infrastructure to the cloud often requires major changes in such infrastructure (for example, in security policies and the organization of network data exchange). 
This threat can be implemented if the software and network interfaces are incompatible or the security policies do not match when the information system is transferred to the cloud";External intruder with low potential;Information system migrated to the cloud, cloud system;1;1;1;20.03.2015;11.02.2019
57;Threat of uncontrolled copying of data inside a big data warehouse;"The threat lies in the complexity of controlling all automatically created copies of information in the big data warehouse due to temporary inconsistency of these operations.
This threat is caused by duplicating (double or multiple) data on various computing nodes that are part of the big data warehouse, in order to increase the speed of access to this data with a large number of read/write requests. However, this operation is an internal function and is ""opaque"" to end users and big data warehouse administrators. 
The implementation of this threat is possible if there are insufficient measures to control automatically created copies of information used in the big data warehouse.";Low-potential domestic intruder;Big data storage, metadata, protected data;1;0;0;20.03.2015;11.02.2019
58;Threat of uncontrolled growth in the number of virtual machines;"The threat consists in the possibility of limiting or disrupting the availability of virtual resources for end users of cloud services by accidentally or unauthorized deliberate creation of multiple virtual machines by the intruder. 
This threat is caused by the limited amount of disk space allocated for the virtual infrastructure, and weaknesses in technologies for controlling the process of creating virtual machines. 
This threat can be implemented if the violator has rights to create virtual machines in the cloud infrastructure";"External intruder with low potential; Internal intruder with low potential";Cloud system, Cloud Infrastructure management console, cloud infrastructure;0;0;1;20.03.2015;11.02.2019
59;Threat of uncontrolled growth in the number of reserved computing resources;"The threat consists in the possibility of refusing to allocate computer resources to legal users after the violator has unlawfully reserved all available computer resources (computing resources and memory resources).
This threat is caused by vulnerabilities in the software of the virtual infrastructure management level, which implements the function of distributing computer resources between users. 
The implementation of this threat is possible if the violator successfully performs unauthorized access to the software of the virtual infrastructure management level, which implements the function of distributing computer resources between users.";"External intruder with low potential; Internal intruder with low potential";Information system, server;0;0;1;20.03.2015;11.02.2019
60;Threat of uncontrolled destruction of information by a big data warehouse;"The threat lies in the possibility of deleting some processed data from the storage without notifying the end user or administrator.
This threat is caused by weaknesses in the mechanism for automatic deletion of data that does not meet certain requirements (maximum"" lifetime "" in the repository, final inconsistency with other data, creating a copy in another location, etc.). 
This threat can be implemented if the measures implemented in the big data warehouse to control automatic data deletion are insufficient";Low-potential domestic intruder;Big data storage, metadata, protected data;0;1;1;20.03.2015;11.02.2019
61;Threat of incorrect setting of the transaction data structure;"The threat consists in the possibility of fraud committed by the violator (database client) by interrupting the transaction or spoofing the transaction ID. In the first case, the transaction is incomplete, and in the second case, the user forcibly completes the transaction, changing its ID, and notifying that the transaction was not completed, thereby provoking the transaction to be repeated. 
This threat is caused by weaknesses in the mechanism for monitoring the continuity of transactions and the integrity of data transmitted during a transaction between the database and its client";An internal intruder with an average potential;Network traffic, database, network software;0;1;1;20.03.2015;11.02.2019
62;Threat of incorrect use of a transparent proxy server due to browser plugins;"The threat lies in the possibility of redirecting or copying data processed by the browser through a transparent proxy server connected to the browser as a plugin. 
This threat is caused by weaknesses in the browser settings access control mechanism. 
Implementation is possible if the intruder successfully enables the transparent proxy server usage mode in the browser settings, for example, as a result of the cross-site scripting threat implementation";External intruder with low potential;Network Software;1;0;0;20.03.2015;11.02.2019
63;Threat of incorrect use of software and hardware functionality;"The threat consists in the possibility of using the declared capabilities of software and hardware in a certain (non-standard, incorrect) way in order to destructively affect the information system and the information it processes. 
This threat is related to weaknesses in the data processing mechanism and commands entered by users. 
This threat can be implemented if the intruder has access to software and hardware.";"External intruder with medium potential; Internal intruder with medium potential";System software, Application software, Network software, Firmware, Hardware;1;1;1;20.03.2015;11.02.2019
64;Threat of incorrect implementation of licensing policies in the cloud;"The threat is the possibility that cloud service consumers may be denied remote access to the leased software (i.e., the availability of the SaaS cloud service is lost) due to the fault of the cloud service provider. 
This threat is caused by insufficient consideration of the issue of managing licensing policies for the use of software from various manufacturers in the cloud. 
The implementation of this threat is possible if the software licensing policy is based on limiting the number of installations or users of the software, and the created virtual machines with licensed software are used many times.";"External intruder with low potential; Internal intruder with low potential";System software, Application software, Network software;0;0;1;20.03.2015;11.02.2019
65;The threat of uncertainty in the distribution of responsibility between roles in the cloud;"The threat lies in the possibility of significant disagreements between the provider and the consumer of cloud services on issues related to determining their rights and obligations in terms of ensuring information security. 
This threat is caused by the lack of a sufficient set of measures to control the distribution of responsibility between different roles in terms of data ownership, access control, cloud infrastructure support, and so on. 
The ability to implement this threat increases if you use cloud services provided by other providers (i.e., if you use a scheme for providing cloud services with intermediaries).";"External intruder with low potential; Internal intruder with low potential";System Software;1;1;1;20.03.2015;11.02.2019
66;Threat of uncertainty of responsibility for cloud security;"The threat lies in the possibility of non-compliance with a number of information protection measures by both the cloud service provider and their consumer.
This threat is caused by the lack of a clear division of responsibility in terms of ensuring information security between the consumer and the cloud service provider. 
The implementation of this threat is possible if there is insufficient documentation of the division of responsibilities between the parties involved in the provision of cloud services, as well as the lack of a documented definition of responsibility for non-compliance with security requirements.";External intruder with low potential;Cloud system;1;1;1;20.03.2015;11.02.2019
67;Threat of unauthorized access to protected information;"The threat consists in the possibility of unauthorized accidental or deliberate familiarization of the user with information that is not intended for him, and its further use to achieve their own or other persons (organizations) ' s destructive goals.
This threat is caused by vulnerabilities in access control tools, errors in the configuration parameters of these tools, or the absence of the specified tools. 
The implementation of this threat does not imply the installation and use of special malicious software by the violator. At the same time, familiarization can be carried out by viewing information from other users ' monitor screens, from printed documents, by eavesdropping on conversations, etc.";Low-potential domestic intruder;Hardware, storage media, file system objects;1;0;0;20.03.2015;11.02.2019
68;Threat of illegal or incorrect use of the app interaction interface;"The threat consists in the possibility of an intruder performing a destructive program impact on the API in order to implement functions that were not originally provided for by the discredited application (for example, using debugging functions from the API). 
This threat is caused by the presence of weaknesses in the mechanism for checking input data and commands of the API used by the software. 
This threat can be implemented if the intruder has access to the API and the discredited application does not have a mechanism for checking input data and commands";"External intruder with medium potential; Internal intruder with medium potential";System software, Application software, Network software, Firmware, Registry;1;1;1;20.03.2015;11.02.2019
69;Threat of illegal actions in communication channels;"The threat consists in the possibility of an intruder making changes to the operation of network protocols by adding or deleting data from the information flow in order to influence the operation of the discredited system or gain access to confidential information transmitted over the communication channel. 
This threat is caused by weaknesses in network protocols, which consist in the lack of verification of the integrity and authenticity of the received data. 
Implementation of this threat is possible if the violator performs unauthorized access to network traffic";External intruder with low potential;Network traffic;1;1;0;20.03.2015;11.02.2019
70;Threat of continuous modernization of cloud infrastructure;"The threat lies in the possibility of introducing vulnerabilities and weaknesses to the cloud system along with adding new software or hardware. At the same time, a system considered protected at the stage of its commissioning can no longer be considered as such after its modernization. 
This threat is caused by the fact that, firstly, cloud service providers provide an opportunity for the consumer of cloud services to choose and / or change the initial composition of the cloud infrastructure software in the process of providing such services, and, secondly, when new consumers are actively connected, the cloud infrastructure may be upgraded several times a year. 
Implementation of this threat is possible if the period until the next upgrade does not exceed the period for evaluating the system's compliance with security requirements in the absence of a cloud service management system and ensuring their security (cloud management systems).";An internal intruder with an average potential;Cloud infrastructure;0;1;1;20.03.2015;11.02.2019
71;Threat of unauthorized recovery of deleted protected information;"The threat lies in the possibility of direct access (access from architecture levels lower than the operating system level) to data stored on the machine storage medium, or data recovery from residual information read from the machine storage medium. 
This threat is caused by weaknesses in the mechanism for deleting information from machine media – information deleted from machine media can be restored in most cases. 
This threat can be implemented under the following conditions: 
information was deleted from the machine storage medium without using methods (methods, algorithms) of guaranteed data erasure (for example, physical destruction of the machine storage medium); 
technological features of the machine storage medium do not lead to guaranteed destruction of information when receiving a command to erase data; 
information was not stored in cryptographically transformed form";"External intruder with low potential; Internal intruder with low potential";Machine storage media;1;0;0;20.03.2015;11.02.2019
72;Threat of unauthorized shutdown or bypass of the BIOS write protection mechanism;"The threat lies in the possibility of introducing malicious program code into the BIOS/UEFI after the user mistakenly or maliciously turns off the BIOS / UEFI write protection mechanism, as well as in the possibility of installing an unsigned update that bypasses the BIOS/UEFI write protection mechanism. 
This threat is caused by weaknesses in measures to restrict access to the management of the BIOS/UEFI write protection mechanism, as well as vulnerabilities in the BIOS/UEFI update mechanism that lead to buffer overflow. 
This threat can be implemented in one of the following conditions: 
when the BIOS/UEFI write protection mechanism is turned off; 
the intruder successfully exploits a vulnerability in the BIOS/UEFI update mechanism that leads to a buffer overflow";Low-potential domestic intruder;BIOS/UEFI firmware and hardware;1;1;1;20.03.2015;11.02.2019
73;Threat of unauthorized access to active and / or passive virtual and / or physical network equipment from the physical and / or virtual network;"The threat consists in the possibility of malicious programs changing the algorithm of operation of the network equipment software and (or) its configuration parameters by exploiting vulnerabilities in the software and (or) firmware of the specified equipment. 
This threat is caused by limited functionality (the presence of weaknesses) active and / or passive virtual and / or physical network equipment that is part of the virtual infrastructure, if this equipment has a fixed network address. 
This threat can be implemented if there are vulnerabilities in the software and / or firmware of the network equipment.";"External intruder with medium potential; Internal intruder with medium potential";Network hardware, firmware, network software, virtual devices;1;1;1;20.03.2015;11.02.2019
74;Threat of unauthorized access to authentication information;The threat consists in the possibility of extracting passwords, usernames, or other credentials from the computer's RAM or stealing (copying) password files (including those stored in clear text) from machine storage media;"External intruder with low potential; Internal intruder with low potential";System software, file system objects, user credentials, registry, machine storage media;1;0;0;20.03.2015;11.02.2019
75;Threat of unauthorized access to virtual transmission channels;"The threat consists in the possibility of an intruder performing unauthorized interception of network node traffic that is inaccessible using network technologies other than network virtualization technologies, by incorrect use of such technologies. 
This threat is caused by weaknesses in the flow control, firewall, and access control measures implemented for network virtualization technologies (which are used to build virtual data channels).
This threat can be implemented if the intruder has privileges to interact using network virtualization technologies";"External intruder with low potential; Internal intruder with low potential";Network software, network traffic, virtual devices;1;0;0;20.03.2015;11.02.2019
76;Threat of unauthorized access to the hypervisor from a VM and / or physical network;"The threat consists in the possibility of an intruder bringing the entire (if the hypervisor is one) or part (if several hypervisors interact with each other) of the virtual infrastructure into a ""denial of service"" state by performing a destructive program action on the hypervisor from virtual machines running in the virtual environment created by it, or by influencing the hypervisor through its connection to a physical network. computer network.
This threat is caused by the presence of many different interfaces of interaction between the hypervisor and the virtual machine and /or physical network, vulnerabilities of the hypervisor, as well as software vulnerabilities and limited functionality of the hardware used to ensure its operability. 
This threat can be implemented in one of the following cases:
 the intruder has sufficient privileges to perform destructive software actions from virtual machines;
 the hypervisor has an active interface for interacting with the physical computer network";"External intruder with medium potential; Internal intruder with medium potential";Hypervisor;0;0;1;20.03.2015;11.02.2019
77;Threat of unauthorized access to data outside the reserved address space, including that allocated for virtual hardware;"The threat consists in the possibility of a malicious program operating inside a VM violating the integrity of the program code of its own and / or other virtual machines running under the same hypervisor, as well as changing its (their) configuration parameters. 
This threat is caused by the presence of weaknesses in the hypervisor software, which ensures that the address space used for storing not only protected information and the program code of the programs that process it, but also the program code that implements virtual hardware (virtual devices for processing, storing and transmitting data) is isolated from unauthorized access by malicious programs operating inside the virtual machine.
The implementation of this threat is possible if unauthorized access by a malicious program operating inside the VM to data stored outside the address space reserved for user data of this VM is successfully performed";"External intruder with medium potential; Internal intruder with medium potential";Server, workstation, virtual machine, hypervisor, machine storage media, metadata;0;1;1;20.03.2015;11.02.2019
78;Threat of unauthorized access to protected virtual machines from the virtual and / or physical network;"The threat consists in the possibility of an intruder performing a destructive software impact on virtual machines from a virtual and / or physical network, both using standard (non-virtual) network technologies and using network virtualization technologies. 
This threat is caused by the presence of network addresses for the created VMs and the possibility of their network interaction with other actors. 
This threat can be implemented if the intruder has information about the network address of the virtual machine, as well as the current activity of the virtual machine at the time of the intruder's destructive software impact.";"External intruder with low potential; Internal intruder with low potential";Virtual Machine;1;1;1;20.03.2015;11.02.2019
79;Threat of unauthorized access to protected VMs by other VMs;"The threat consists in the possibility of destructive software impact on protected virtual machines from other virtual machines using various mechanisms for data exchange between virtual machines implemented by the hypervisor and activated in the system. 
This threat is caused by weaknesses in the data exchange mechanism between VMs and vulnerabilities in its implementation in a specific hypervisor. 
This threat can be implemented if the intruder has sufficient privileges to use various mechanisms for data exchange between virtual machines implemented in the hypervisor and activated in the system.";"External intruder with low potential; Internal intruder with low potential";Virtual Machine;1;1;1;20.03.2015;11.02.2019
80;Threat of unauthorized access to protected virtual devices from the virtual and / or physical network;"The threat consists in the possibility for an intruder to remotely gain unauthorized access to virtual devices from a virtual and / or physical network using various network technologies used for data exchange in a system built using virtualization technologies. 
This threat is caused by the presence of weaknesses in the network software interfaces of hypervisors designed for remote management of the composition and configuration of virtual devices created (created) by these hypervisors. 
This threat can be implemented if the intruder has sufficient privileges to exchange data in a system built using virtualization technologies.";"External intruder with medium potential; Internal intruder with medium potential";Virtual data storage, processing, and transmission devices;1;1;1;20.03.2015;11.02.2019
81;Threat of unauthorized access to the local computer via the grid system client;"The threat consists in the possibility for an intruder to perform a network login to the grid system node with the rights of one of the accounts corresponding to the software processes of the task management system, and then gain access to the private part of the cryptographic certificates used to establish communication in the grid system. 
This threat is caused by the presence of vulnerabilities in the client of the grid system (client software installed in the nodes of the grid system), the operation of which allows the intruder to perform read and write operations in objects of the local file system of the computer, send signals to program processes (including shutdown signals), read and write operations to the memory of program processes corresponding to connecting software and grid tasks, opening network connections in local and external nodes of the grid system. 
This threat can be implemented if malicious program code is introduced into the task management system. In fact, the presence in a grid system node of software unknown to its owner (the grid system client) that performs unknown calculations is a ""black box"" through which (by exploiting vulnerabilities or software bookmarks) an intruder can perform illegal actions in relation to the protected information stored in the grid system node (personal information of the node owner)";External intruder with medium potential;Grid system nodes;1;1;1;20.03.2015;11.02.2019
82;Threat of unauthorized access to computing field segments;"The threat consists in the possibility of unauthorized access by an intruder to the source data, intermediate and final calculation results of other users of the supercomputer, as well as accidental or deliberate destructive impact of the processes of solving some problems on the processes and results of solving other computational problems. 
This threat is caused by weaknesses in the mechanism for differentiating access of subjects to segments of computing fields of the supercomputer. 
The implementation of this threat is possible when performing tasks of different users of the supercomputer on the same computing field of the supercomputer";An internal intruder with an average potential;Computing node of a supercomputer;1;1;0;20.03.2015;11.02.2019
83;Threat of unauthorized access to the system via wireless channels;"The threat consists in the possibility of an intruder gaining access to the resources of the entire discredited information system through the wireless data transmission channels used in its composition. 
This threat is caused by weaknesses in the identification/authentication protocols (such as WEP, WPA and WPA2, AES) used to access wireless equipment. 
The implementation of this threat is possible if the intruder has specialized software that implements the functions of exploiting vulnerabilities in wireless network identification/authentication protocols, as well as being located at the point of receiving signals from the discredited wireless network.";External intruder with low potential;Network node, user credentials, network traffic, hardware;1;1;1;20.03.2015;15.11.2019
84;Threat of unauthorized access to the data storage system from a virtual and / or physical network;"The threat consists in the possibility of performing destructive software effects on virtual data storage devices and (or) virtual disks (which are both segments of virtual disk space created by a separate virtual device, and a single virtual disk space created by logically combining several virtual data storage devices).
This threat is caused by the presence of weaknesses in the technologies used to distribute information across various virtual storage devices and / or virtual disks, as well as weaknesses in the single virtual disk space technology. These weaknesses are related to the high complexity of algorithms for ensuring consistency of actions for distributing information within a single virtual disk space, as well as interaction with virtual and physical data transmission channels to ensure work within a single disk space.
The implementation of this threat is possible if the intruder has special software tools that can exploit the weaknesses of the technologies used in the construction of the data storage system (network technologies, information distribution technologies, etc.).";"External intruder with low potential; Internal intruder with low potential";Virtual storage devices, virtual disks;1;1;1;20.03.2015;11.02.2019
85;Threat of unauthorized access to protected information stored in the virtual space;"The threat consists in the possibility of violating the confidentiality of information contained in distributed files containing protected information by restoring the data of distributed files from their many individual fragments using software and information technologies for processing distributed information. 
This threat is caused by the fact that due to the use of a variety of virtualization technologies designed to work with data (data distribution within virtual and logical disks, data distribution between such disks, data distribution between physical and virtual drives of a single disk space, allocation of disk space areas as separate disks, etc.), almost all files are stored in a single disk. stored as a set of individual segments. 
This threat can be implemented if there are insufficient or no measures to ensure the confidentiality of information stored on individual storage devices";"External intruder with medium potential; Internal intruder with medium potential";Storage medium, file system objects;1;0;0;20.03.2015;11.02.2019
86;Threat of unauthorized modification of authentication information;"The threat consists in the possibility of unauthorized access by an intruder to the authentication information of other users using standard operating system tools or special software tools. 
This threat is caused by the presence of weaknesses in access control measures for authentication information. 
The implementation of this threat may contribute to further penetration of the intruder into the system under the account of a discredited user.";"External intruder with low potential; Internal intruder with low potential";System software, file system objects, user credentials, registry;0;1;1;20.03.2015;11.02.2019
87;Threat of unauthorized use of privileged BIOS functions;"The threat lies in the possibility of an intruder using potentially dangerous BIOS/UEFI capabilities. 
This threat is caused by the presence of potentially dangerous functionality in the BIOS/UEFI";"External intruder with high potential; Internal intruder with low potential";Hardware, BIOS/UEFI firmware;1;1;1;20.03.2015;11.02.2019
88;Threat of unauthorized copying of protected information;"The threat consists in the possibility of an intruder illegally obtaining a copy of the protected information by performing a sequence of illegal actions, including: unauthorized access to the protected information, copying the found information to removable media (or to another place accessible to the intruder outside the system). 
This threat is caused by weaknesses in the mechanisms for delineating access to protected information and controlling access of persons in the controlled area.
This threat can be implemented if there are no cryptographic security measures or a copy is removed at the time of processing the protected information in unencrypted form";"External intruder with low potential; Internal intruder with low potential";File system objects, machine storage media;1;0;0;20.03.2015;11.02.2019
89;Threat of unauthorized registry editing;"The threat lies in the possibility of an intruder making changes to the registry used by the discredited application, which affect the functioning of individual services of the application or the application as a whole. In this case, the registry is understood not only as the registry of the Microsoft Windows operating system, but also as any registry used by the application. Changing the registry can be either a stage in the implementation of other destructive actions, or the main goal. 
This threat is caused by the weaknesses of the access control mechanism, which consists in assigning too high privileges to programs that implement it when working with the registry. 
This threat can be implemented if the violator gets the rights to work with the registry editing program";"External intruder with low potential; Internal intruder with low potential";System software that uses the registry, registry;1;1;1;20.03.2015;11.02.2019
90;Threat of unauthorized user account creation;"The threat consists in the possibility of an intruder creating an additional user account in the system and then using it for their own illegal purposes (logging in with the rights of this account and performing destructive actions in relation to the discredited system or from the discredited system in relation to other systems).
This threat is caused by weaknesses in access control mechanisms for protected information. 
Implementation of this threat is possible if you also have the rights to run specialized programs for editing files containing information about system users (for remote access) or regular access controls from the operating system (for local access).";"External intruder with low potential; Internal intruder with low potential";System Software;1;1;1;20.03.2015;11.02.2019
91;Threat of unauthorized deletion of protected information;"The threat consists in the possibility of the violator causing economic, informational, moral and other types of damage to the owner and operator of illegally deleted information by performing destructive software or physical effects on the machine storage medium. 
This threat is caused by insufficient measures to ensure the availability of protected information in the system, as well as the presence of vulnerabilities in the software that implements these measures. 
This threat can be implemented if the violator obtains system rights to erase data or physical access to the machine storage medium at a distance sufficient to provide an effective destructive effect.";"External intruder with low potential; Internal intruder with low potential";Metadata, file system objects, and registry;0;0;1;20.03.2015;11.02.2019
92;Threat of unauthorized remote out-of-band access to hardware;"The threat consists in the possibility of an intruder obtaining system management privileges by using remote out-of-band (via an independent TCP/IP auxiliary channel) access. 
This threat is caused by the inability to control the mechanism that implements remote access functions at the hardware level, at the operating system level, as well as independence from the power state of hardware devices, since this mechanism provides for the procedure for remote switching on / off of hardware devices. 
This threat can be implemented
if:  the system has hardware that supports remote out-of-band access technology;
 the system is connected to public networks (the Internet)";External intruder with high potential;Information system, hardware;1;1;1;20.03.2015;11.02.2019
93;Threat of unauthorized buffer management;"The threat consists in the possibility of unauthorized access to the data contained in the clipboard by an intruder in order to get acquainted with the information stored there or to carry out destructive software effects on the system (for example, buffer overflow to execute arbitrary malicious code).
This threat is caused by weaknesses in the mechanism for delimiting access to the clipboard, as well as weaknesses in the mechanisms for checking input data. 
The implementation of this threat is possible if the violator successfully performs unauthorized access to the segment of RAM of the discredited object in which the clipboard is located.";"External intruder with low potential; Internal intruder with low potential";System software, Application software, Network software;1;1;1;20.03.2015;11.02.2019
94;Threat of unauthorized synchronization and state management;"The threat lies in the possibility of the violator changing the sequence of actions performed by discredited applications that use process management technologies based on the current time and state of the information system (for example, the current values of global variables, the presence of running processes, etc.), or in the possibility of modifying settings and changing the operating modes of industrial robots that lead to interference in the production process. process and theft of information stored in the robots ' memory (source code, product parameters, etc.). 
This threat is based on weaknesses in the synchronization and state management mechanism that allow the intruder to make changes to its operation at certain intervals, or the lack of authentication and authorization mechanisms. 
Implementation of this threat is possible if the violator has the ability to: 
monitor the status of the discredited application (algorithm execution stages) or industrial robots; 
track time points when the discredited application temporarily interrupts its work with global data; 
perform destructive actions at certain points in time (for example, make changes to the data file or change the contents of a memory location)";"External intruder with medium potential; Internal intruder with medium potential";System software, Application software, Network software, Firmware;0;1;1;20.03.2015;11.02.2019
95;Threat of unauthorized pointer management;"The threat consists in the possibility of an intruder executing arbitrary malicious code on behalf of a discredited application or putting the discredited application in a ""denial of service"" state by changing pointers to memory locations containing certain data used by the discredited application. 
This threat is related to vulnerabilities in the means of delimiting memory access and controlling the integrity of the contents of memory cells. 
This threat can be implemented if the intruder has privileges to change the pointers used by the discredited application.";"External intruder with medium potential; Internal intruder with medium potential";System software, Application software, Network software;1;1;1;20.03.2015;11.02.2019
96;Threat of inconsistency in the security policies of cloud infrastructure elements;"The threat lies in the possibility of an intruder performing destructive software actions against both cloud service providers and consumers. 
This threat is caused by insufficient consideration of the issue of managing security policies for cloud infrastructure elements due to the significant distribution of the cloud infrastructure. 
This threat can be implemented if you use different security policies that are not consistent with each other (for example, one security tool may deny access and another may grant access).";"External intruder with low potential; Internal intruder with low potential";System software, cloud system;1;1;1;20.03.2015;11.02.2019
97;Threat of inconsistency in big data access rules;"The threat consists in the possibility of providing erroneous unauthorized access to protected information or, conversely, the possibility of denying access to protected information to legal users due to errors made when delegating privileges to them by other legal users of the big data warehouse. 
This threat is caused by insufficient measures to differentiate and coordinate access to information of different users in the big data warehouse. 
This threat can be implemented if you use different security policies that are not consistent with each other (for example, one security tool may deny access and another may grant access).";Low-potential domestic intruder;Big Data Storage;1;0;1;20.03.2015;11.02.2019
98;Threat of detecting open ports and identifying network services associated with them;"The threat consists in the ability of the intruder to determine the status of network ports of the discredited system (so-called port scanning) to obtain information about the possibility of establishing a connection to the discredited system using these ports, the configuration of the system itself and the installed information security tools, as well as other information that allows the intruder to determine which ports destructive software actions can be for what reasons – only using special techniques to bypass firewalls. 
This threat is related to vulnerabilities and configuration errors in the firewall and network traffic filtering tools used in the discredited system. 
This threat can be implemented if the intruder has a connection to the discredited computer network and specialized software that implements port scanning and network traffic analysis functions";External intruder with low potential;Network node, network software, network traffic;1;0;0;20.03.2015;21.05.2019
99;Host Detection Threat;"The threat consists in the ability of the intruder to scan the computer network to identify working network nodes. 
This threat is related to weaknesses in network communication mechanisms that provide network clients with open technical information about network nodes, as well as vulnerabilities and configuration errors in the firewall and network traffic filtering tools used in the discredited system. 
The implementation of this threat is possible if the violator has a connection to the discredited computer network and specialized software that implements network traffic analysis functions.";External intruder with low potential;Network node, network software, network traffic;1;0;0;20.03.2015;11.02.2019
100;Threat to bypass incorrectly configured authentication mechanisms;"The threat consists in the possibility of an intruder obtaining privileges in the system without passing the authentication procedure by performing actions that violate the conditions for the correct operation of authentication tools (for example, entering data in an unsupported format).
This threat is caused by incorrect values of authentication tools configuration parameters and / or lack of input data control. 
This threat can be implemented if there are errors in the specified values of the authentication mechanisms configuration parameters";"External intruder with low potential; Internal intruder with low potential";System software, network software;1;1;1;20.03.2015;11.02.2019
101;Threat to public availability of cloud infrastructure;"The threat consists in the possibility of unauthorized access to the protected information of one cloud service consumer by another. 
This threat is caused by the fact that due to the peculiarities of cloud technologies, consumers of cloud services have to share the same cloud infrastructure. 
This threat can be implemented if errors are made when separating elements of the cloud infrastructure between consumers of cloud services, as well as when isolating their resources and separating data from each other";External intruder with medium potential;File system objects, hardware, and cloud server;1;1;1;20.03.2015;11.02.2019
102;Threat of indirect management of a group of programs through shared data;"The threat lies in the possibility of an intruder indirectly changing the algorithm of a group of programs that use shared data at the same time, by intercepting control over one of them (RAM cells, global variables, configuration files, etc.). 
This threat is caused by the presence of weaknesses in the mechanism for monitoring changes made to the general data of each of the programs in the group. 
This threat can be implemented if the intruder successfully intercepts control of one of the programs in the group of programs that use shared data";"External intruder with medium potential; Internal intruder with medium potential";System software, Application software, Network software;0;1;1;20.03.2015;11.02.2019
103;Threat to defining security object types;"The threat consists in the possibility of an intruder analyzing the output data of the discredited system using a method that allows you to determine the exact values of parameters and properties that are uniquely inherent in the discredited system (this method is known as ""fingerprinting"", from English ""fingerprinting""). The use of this method does not directly harm the discredited system. However, the information collected in this way allows the intruder to identify weaknesses in the discredited system, which can be used later in the implementation of other threats. 
This threat is caused by errors in the configuration parameters of firewall tools, as well as the lack of mechanisms for controlling input and output data. 
This threat can be implemented if the violator has information about the relationship of the output data with the configuration of the discredited system (software documentation, data transmission standards, specifications, etc.).";External intruder with low potential;Network node, network software, network traffic;1;0;0;20.03.2015;11.02.2019
104;Threat to defining a computer network topology;"The threat consists in the ability of the intruder to determine the state of network nodes of the discredited system (so-called network scanning) to obtain information about the topology of the discredited computer network, which can be used later in attempts to implement other threats. 
This threat is related to weaknesses in network interaction mechanisms that provide network clients with open technical information about network nodes, as well as vulnerabilities in firewall tools (the operation algorithm and configuration of network traffic filtering rules).
The implementation of this threat is possible if the intruder has the ability to connect to the computer network under study and has specialized software that implements the network traffic analysis function.";External intruder with low potential;Network node, network software, network traffic;1;0;0;20.03.2015;11.02.2019
105;Threat of failure to load input data in an unknown format by a big data warehouse;"The threat lies in the possibility that the big data store refuses to accept input data of an unknown format from a legitimate user. 
This threat is caused by the lack of a mechanism for independent (automatic) adaptation to new data formats in the big data warehouse. 
This threat can be implemented if you receive a request to upload input data of an unknown format to the storage.";Low-potential domestic intruder;Big data storage, metadata;0;1;1;20.03.2015;11.02.2019
106;Threat of denial of service by the supercomputer storage system;"The threat lies in the possibility of a significant slowdown in the terminal sessions of all users of the supercomputer, up to the point that the entire supercomputer reaches the ""denial of service"" state when the maximum achievable load on the parallel file system of the supercomputer is exceeded. 
This threat is caused by a significant increase in the number and volume of data stored on the drive for some computing tasks. 
The implementation of this threat is possible under the condition of intensive file I / O in the cluster file subsystem of a supercomputer based on the use of a parallel file system.";Low-potential domestic intruder;Supercomputer data storage system;0;0;1;20.03.2015;11.02.2019
107;Threat of disabling control sensors;"The threat consists in the possibility of providing an intruder with information isolation of the security system by interrupting the communication channel with control sensors that monitor system state parameters, or disrupting the operation of the sensors themselves. In this case, the system will stop responding to both safety incidents (if the sensors that were turned off were part of the safety system, for example, motion sensors) and other types of incidents (for example, when the fire alarm sensors are turned off, pressure increases in hydraulic units, etc.). 
This threat is caused by weaknesses in information security measures in automated process control systems, as well as the presence of vulnerabilities in the software that implements these measures. 
The implementation of this threat is possible if access (physical or software) is obtained to the communication lines of the security system with control sensors or to the sensors themselves";"External intruder with high potential; Internal intruder with low potential";System Software;0;1;1;20.03.2015;11.02.2019
108;Hypervisor update error threat;"The threat consists in the possibility of discrediting the security mechanisms that work on the basis of the hypervisor that prevent unauthorized access to VM images due to errors in updating it. 
This threat is caused by the dependence of the functioning of each virtual device and each virtualized access subject, as well as the entire virtual infrastructure (or part of it, if more than one hypervisor is used) on the health of the hypervisor. 
This threat can be implemented if errors occur during the hypervisor update process: 

 updates that introduce new errors in the hypervisor code;  updates
that introduce program code into the hypervisor that causes incompatibility of the hypervisor with its operating environment; 
other information security incidents";Low-potential domestic intruder;System software, hypervisor;1;1;1;20.03.2015;11.02.2019
109;Threat of going through all app settings and parameters;"The threat lies in the possibility of an intruder gaining access to additional hidden functionality (information about which was not published by the developer) or bringing the system into a ""denial of service"" state when the intruder sets some program configuration parameters, reaching such parameter values by iterating through all possible combinations.
This threat is caused by software vulnerabilities that occur when it is incorrectly configured. 
This threat can be implemented if the intruder has privileges to change the software configuration. When implementing this threat, unlike other similar threats, the intruder acts ""blindly"" - simply by sorting through all possible combinations";"External intruder with medium potential; Internal intruder with medium potential";System software, Application software, Network software, Firmware, Registry;0;1;1;20.03.2015;11.02.2019
110;Threat of grid system overloading with computational tasks;"The threat lies in the possibility of reducing the throughput of resource centers when a large number of tasks are sent by one user (the intruder) accidentally or intentionally, which may make it impossible for other users of the grid system to queue tasks for execution. 
This threat is caused by weaknesses in the grid system's control measures over the number of computational tasks started by grid system users. 
This threat can be implemented if the violator has the rights to queue tasks for execution by the grid system";Low-potential domestic intruder;Grid system resource centers;0;0;1;20.03.2015;11.02.2019
111;Threat of data transmission over hidden channels;"The threat consists in the possibility of the violator illegally withdrawing protected information from the system, as well as transmitting control commands by placing it non-standard (imperceptible, hidden) in open data legitimately transmitted over the network (or stored on alienated media) by masking it under service protocols, hiding other data in the stream (steganography) , using hidden pixels (""tracking pixels""), etc. 
This threat is caused by insufficient measures to protect information from leakage, as well as control data flows. 
This threat can be implemented if:
 the violator has rights in the discredited system to install specialized software that implements the functions of embedding their own information in data packets generated for transmission in the system; 
access to data transmission channels; 
when a user visits websites on the Internet and opens emails containing hidden pixels";"External intruder with medium potential; Internal intruder with medium potential";Network node, network software, network traffic;1;0;0;20.03.2015;11.02.2019
112;Threat of transmitting prohibited commands to numerically controlled hardware;"The threat consists in the possibility that the violator may damage the actuators, the workpiece and /or the processing tool of the numerically controlled equipment by transmitting commands to it that lead to the movement of the processing tool beyond the permissible limits (i.e., commands prohibited for numerically controlled equipment).
This threat is caused by weaknesses in measures to protect numerically controlled hardware from executing forbidden commands. 
This threat can be implemented if the intruder has privileges to transmit commands to numerically controlled equipment or the ability to change commands transmitted by a legitimate user.";Low-potential domestic intruder;System software, application software;0;1;0;20.03.2015;11.02.2019
113;Threat of computer hardware and software reboots;"The threat consists in the possibility of the user (violator) resetting the state of RAM (zeroing memory) by accidentally or intentionally rebooting individual devices, blocks, or the system as a whole. 
This threat is caused by the property of RAM to reset its state when shutting down and rebooting.
This threat can be implemented either in hardware (by pressing a button) or in software (locally or remotely) if the following conditions are met: 
the presence of open user sessions
in the system; the violator has rights in the system (or physical ability) to perform a forced reboot";"External intruder with low potential; Internal intruder with low potential";System software, hardware;0;1;1;20.03.2015;11.02.2019
114;Threat of integer variable overflow;"The threat consists in the possibility that an intruder can cause a discredited application to malfunction by feeding data of an unsupported format to its input interfaces or performing an operation using it, which will result in data of a format unsupported by the discredited application. 
This threat is caused by software vulnerabilities associated with insufficient verification of the correctness of input data by such applications, as well as the fact that operators of any software are able to correctly process only certain types of data (for example, only integers or only positive numbers).
This threat can be implemented if the intruder has: 
information about the range of input (or processed) data formats supported by the discredited application; 
the ability to interact with the input interface of the discredited application";"External intruder with medium potential; Internal intruder with medium potential";System software, Application software, Network software;1;1;1;20.03.2015;11.02.2019
115;Threat of interception of information entered and output to peripheral devices;"The threat consists in the possibility for an intruder to gain unauthorized access to information entered and output to peripheral devices by intercepting data processed by peripheral device controllers. 
This threat is caused by insufficient measures to protect information from leakage and control data flows, as well as the inability to protect information entered and output to peripheral devices using cryptographic means (since information should be presented to system users in an understandable form).
The implementation of this threat is possible if the intruder has privileges to install and run specialized malware that implements the functions of ""keyloggers"" (for obtaining user passwords by the intruder), virtual printer drivers (interception of documents containing protected information), etc.";"External intruder with low potential; Internal intruder with low potential";System software, Application software, hardware;1;0;0;20.03.2015;11.02.2019
116;Threat of interception of data transmitted over a computer network;"The threat consists in the possibility of unauthorized access to the network traffic of the discredited computer network by an intruder in passive (""listening"" to traffic) or active (packet substitution, changing their contents) mode to collect and analyze information (for example, authentication information), which can be used in the future to implement other threats, while remaining in the implementation of this threat. threats from an invisible (hidden) recipient of intercepted data. In addition, the intruder can conduct research on other types of data streams, such as radio signals.
This threat is caused by weaknesses in network interaction mechanisms that provide third-party users with open data about the discredited system, as well as network software configuration errors. 
The implementation of this threat is possible under the following conditions:
 the intruder has access to a discredited computer network; 
the inability of the technologies used for data transmission to prevent the possibility of covert listening to the data stream";External intruder with low potential;Network node, network traffic;1;0;0;20.03.2015;25.11.2020
117;Threat of intercepting a privileged thread;"The threat consists in the possibility of an intruder's unauthorized access to the data stream created by an application with additional privileges (to a privileged data stream), by synchronous (calling a privileged function that returns an incorrect value) or asynchronous (creating callbacks, manipulating pointers, etc.) destructive software impact on it. 
This threat is caused by vulnerabilities in software that uses sections of code executed with additional rights inherited by the created privileged threads (the presence of erroneous pointers, incorrect memory release, etc.). 
This threat can be implemented under the following conditions: 
in a discredited application, there are code sections that require execution with rights that exceed the rights of ordinary users; 
the intruder has privileges that allow you to make changes to the input data of the discredited application";"External intruder with medium potential; Internal intruder with medium potential";System software, Application software, Network software;1;1;1;20.03.2015;11.02.2019
118;Threat of intercepting a privileged process;"The threat consists in the possibility of an intruder obtaining control rights for a process that has high privileges (for example, inherited from a user or group of users who play the role of administrators of the discredited system) to execute arbitrary malicious code with the rights of the discredited process. 
This threat is caused by software vulnerabilities that perform access control functions (in the algorithm or configuration parameters), which lead to incorrect distribution of access rights within the tree of inherited processes.
This threat can be implemented if one of the following conditions is met: 
the intruder successfully enters incorrect data that leads to buffer overflow or certain types of software injections;
 the intruder has privileges to run system utilities intended for process management";"External intruder with medium potential; Internal intruder with medium potential";System software, Application software, Network software;1;1;1;20.03.2015;11.02.2019
119;Threat of hijacking of hypervisor control;"The threat consists in the possibility for an intruder to gain unauthorized access to information, software, and computing resources reserved and managed by the hypervisor by obtaining the right to manage the hypervisor by exploiting vulnerabilities in the hypervisor management console. 
This threat is caused by the hypervisor management console having software interfaces for interacting with other access subjects (processes, programs) and, as a result, the possibility of unauthorized access to this console (a virtualization-level program), as well as insufficient measures to differentiate access to this console.
This threat can be implemented if the violator has the rights to interact with the hypervisor management console";"External intruder with medium potential; Internal intruder with medium potential";System software, Hypervisor, Hypervisor management console;1;1;1;20.03.2015;11.02.2019
120;Threat of interception of management of the virtualization environment;"The threat consists in the possibility for an intruder to gain unauthorized access to information, software, and computing resources reserved and managed by all hypervisors that implement the virtualization environment, by obtaining the right to manage these hypervisors by exploiting vulnerabilities in the console of the virtual infrastructure management tool.
This threat is caused by the console having a virtual infrastructure management tool implemented within one of the VMs, software interfaces for interacting with other access subjects (processes, programs), and, as a result, the possibility of unauthorized access to this console (a virtualization management level program), as well as insufficient measures to differentiate access to this console.
This threat can be implemented if the violator has the rights to interact with the virtual infrastructure management tool console";"External intruder with medium potential; Internal intruder with medium potential";Information system, system software;1;1;1;20.03.2015;11.02.2019
121;Threat of system registry corruption;"The threat consists in the possibility of breaking the availability of part of the functionality or the entire information system due to damage to the registry used in its operation due to incorrect shutdown of the operating system (uncontrolled reboot, errors in device drivers, etc.), violation of the integrity of files containing registry data, errors in the file system of the storage medium, or due to violator of destructive software impact on file objects containing the registry. 
This threat is caused by weaknesses in access control measures for files containing registry data, backup and integrity control measures for such files, as well as measures to restore registry functionality due to operating system failures. 
The implementation of this threat is possible under one of the following conditions: 
errors occur in individual processes or the entire operating system;
 the violator has access rights to the registry or files containing registry data";"External intruder with low potential; Internal intruder with low potential";File system objects, registry;0;1;1;20.03.2015;11.02.2019
122;Threat of privilege escalation;"The threat consists in the possibility of the violator performing a destructive program influence on the discredited process (or system) or on other processes (or systems). on his (her) behalf by exploiting the violator's unlawfully obtained additional rights to manage the discredited object.
This threat is caused by vulnerabilities in the software that performs access control functions (in the algorithm or configuration parameters).
The implementation of this threat is possible if the violator has software (such as an ""exploit"") specifically designed to implement this threat in the discredited system.";"External intruder with medium potential; Internal intruder with medium potential";System software, Network software, information system;1;1;1;20.03.2015;11.02.2019
123;BIOS Password Guessing threat;"The threat consists in the possibility of unauthorized access to the BIOS/UEFI settings by entering the BIOS/UEFI console using a password selected programmatically or ""manually"" using methods of total search of options or dictionary selection. 
This threat is caused by weaknesses in the authentication mechanism implemented in the BIOS/UEFI consoles. 
This threat can be implemented in one of the following cases: 
the intruder can have physical access to the computer and can restart it; 
the intruder has a special software tool for brute-forcing BIOS/UEFI passwords and privileges in the system to install and run such tools";Low-potential domestic intruder;BIOS/UEFI Firmware;1;0;1;20.03.2015;11.02.2019
124;Threat of tampering with event log entries;"The threat consists in the possibility of an intruder making changes to the security event logs of the discredited system (deleting records that compromise the intruder or falsifying records about events that did not occur) in order to mislead its administrators or hide traces of other threats. 
This threat is caused by insufficient measures to restrict access to the security event log. 
The implementation of this threat is possible in one of the following cases: 
security event logging technology assumes the ability to edit them and the intruder has the necessary privileges;
security event logging technology does not assume the ability to edit them, but the intruder has the necessary privileges to write to log files, as well as special software tools, capable of processing log files of the format used in the discredited system";"External intruder with low potential; Internal intruder with low potential";System Software;0;1;0;20.03.2015;11.02.2019
125;Threat to connect to a wireless network that bypasses the authentication procedure;"The threat consists in the possibility of an intruder intercepting wireless network traffic or other illegal actions by legalizing the intruder's own connection to the wireless network in semi-automatic mode (for example, WPS) without entering the encryption key. 
This threat is caused by weaknesses in the authentication procedure for wireless devices during semi-automatic connection.
This threat can be implemented if the intruder has physical access to a wireless access point that supports semi-automatic connection mode.";External intruder with low potential;Network node, network software;1;1;1;20.03.2015;11.02.2019
126;Threat of spoofing a wireless client or access point;"The threat consists in the possibility of an intruder receiving authentication or other protected information transmitted during the automatic connection of wireless access points or client software to trusted network interaction subjects substituted by the intruder.
This threat is caused by weaknesses in the authentication mechanism for network interaction subjects with wireless access.
This threat can be implemented if the intruder places a client or wireless access point with specially formed operation parameters (such as the MAC address, name, data transmission standard used, etc.) in the availability zone for discredited wireless access devices";External intruder with low potential;Network node, network software, hardware, wireless access point;1;0;1;20.03.2015;11.02.2019
127;Threat of spoofing user actions by deception;"The threat consists in the possibility of an intruder performing illegal actions in the system on behalf of another user using social engineering methods (deceiving the user, imposing false beliefs) or technical methods (using transparent buttons, replacing labels on controls, etc.) 
This threat is caused by weaknesses in the user interface or user errors.
The implementation of this threat is possible if the discredited user has the rights to perform the operations that the violator needs from him";External intruder with medium potential;Application software, network software;1;1;1;20.03.2015;11.02.2019
128;Threat of spoofing a trusted user;"The threat consists in the ability of an intruder to impersonate a legitimate user and receive / transmit data on their behalf. This threat can be described as ""imitation of the client's actions"".
This threat is caused by weaknesses in network communication technologies, which often do not allow you to authenticate the source / recipient of information. 
This threat can be implemented if the intruder has a computer network connection, as well as information about the configuration of network devices, the type of software used, and so on.";External intruder with low potential;Network node, network software;1;0;0;20.03.2015;11.02.2019
129;Threat of spoofing a backup copy of the BIOS software;"The threat consists in the possibility of the intruder indirectly introducing malicious code into the BIOS/UEFI of the discredited computer, by waiting or creating the need to perform the procedure for restoring the previous version of the BIOS/UEFI software, previously replaced by the intruder.
This threat is caused by insufficient access control and integrity control measures for BIOS/UEFI software backups. 
This threat can be implemented under the following conditions: 
the intruder has successfully replaced the backup copy of the BIOS/UEFI software; 
there is a need to restore the previous version of the BIOS/UEFI software (this condition can occur either accidentally or be provoked by the intruder)";Low-potential domestic intruder;BIOS/UEFI firmware and hardware;0;1;0;20.03.2015;11.02.2019
130;Threat of spoofing the contents of network resources;"The threat consists in the possibility of an intruder performing unauthorized access to the protected data of network users or performing various fraudulent actions by covertly replacing the contents of data stored (sites, web pages) or transmitted (emails, network packets) over the network. 
This threat is caused by weaknesses in network communication technologies, which often do not allow you to authenticate the contents of an email message. 
This threat can be implemented if the violator has access rights to network resources and the network user does not have measures to ensure their integrity";External intruder with low potential;Application software, Network software, Network traffic;1;0;0;20.03.2015;11.02.2019
131;Threat of spoofing the network access subject;"The threat consists in the possibility of an intruder performing unauthorized access to the protected data of network users or performing various fraudulent actions by covertly replacing information about the sender of the message in network requests sent by a discredited user. This threat can be described as ""imitation of server actions"". 
This threat is caused by weaknesses in network communication technologies, which often do not allow you to authenticate the source of information. 
This threat can be implemented if the violator successfully impersonates the legitimate sender (for example, using false phishing websites). The key difference from the ""threat of spoofing the content of network resources"" is that in this case, the intruder does not change the original content of the electronic resource (website, email), but only official information.";External intruder with medium potential;Application software, Network software, Network traffic;1;1;0;20.03.2015;11.02.2019
132;Threat of obtaining preliminary information about the security object;"The threat consists in the possibility of the violator disclosing protected information about the security status of the discredited system, its configuration and potential vulnerabilities, etc., by taking measures to collect and analyze available information about the system. 
This threat is caused by the presence of vulnerabilities in network software that allow you to get information about the configuration of individual programs or the system as a whole (lack of input data control, open network ports, incorrect configuration of security policies, etc.). 
This threat can be implemented if information about the discredited system is obtained using at least one of the following methods for studying the discredited system: 
analysis of the system's responses to network requests (including syntactically incorrect or non-standard ones) to network services opened in the system, which can cause unhandled exceptions with detailed error messages containing protected information (stack trace, system configuration, network packet routing) 
analysis of system responses to string URI requests (including invalid SQL queries, alternative file access paths).
This threat differs from the threat of data interception and other data collection threats in that the intruder actively polls the discredited system, and does not just observe it";External intruder with medium potential;Network node, network software, network traffic, application software;1;0;0;20.03.2015;11.02.2019
133;Threat of obtaining information about the owner of a wireless device;"The threat consists in the possibility of the violator disclosing information about the geographical movements of the discredited user at certain time intervals, including revealing the place of his work, residence, etc. Obtaining such information can be used by the violator in the future to implement threats in information systems that the discredited user has access to. 
This threat is caused by the weak protection of the identification information of wireless access points when they are connected to the Internet.
The implementation of this threat is possible if the violator has access to the identification data of stationary wireless access points, with which the discredited user's wireless device automatically interacts.";External intruder with low potential;Network node, metadata;1;0;0;20.03.2015;11.02.2019
134;Threat of loss of trust in a cloud service provider;"The threat is the possibility of reducing the level of security and making additional errors in ensuring the security of information protected in the cloud system due to the irretrievable outflow of necessary resources from the cloud service provider due to the loss of trust in their provider by cloud service consumers. 
This threat is caused by the fact that due to the publication of facts about information security incidents related to a cloud service provider, there is a loss of trust in such a provider on the part of cloud service consumers, and, as a result, there is a need for an avalanche of resources (human, technical, financial) allocated by the cloud service provider to solve the problems that arise in this situation tasks (multiple user consultations, emergency revision of security policies, modernization of the security system, etc.), which can not only cause a lack of resources to ensure the current level of information security, but also provoke the admission of new errors ""in a hurry"". 
Implementation of this threat is possible in case of publication of single or multiple facts about information security incidents related to the cloud service provider, which caused significant losses for its customers.";An internal intruder with an average potential;File system objects, an information system migrated to the cloud;1;1;1;20.03.2015;11.02.2019
135;Threat of loss and leakage of data processed in the cloud;"The threat is the possibility of violating the confidentiality, integrity and availability of protected information of cloud service consumers processed in the cloud system. 
This threat is caused by weak security measures for information processed in the cloud system. 
This threat can be implemented if the provider (incorrect selection or configuration of security tools) or the consumer (loss of password, electronic key, login from an insecure console) of cloud services makes mistakes in ensuring the security of protected information";Low-potential domestic intruder;System software, metadata, and file system objects;1;1;1;20.03.2015;11.02.2019
136;Threat of information loss due to inconsistency in the operation of big data storage nodes;"The threat lies in the possibility of making errors when copying protected information in distributed data storage on different nodes of the big data warehouse due to inconsistencies in their operation, which lead to the inability of a legal user to access blocks or all protected information. 
This threat is caused by weaknesses in the data replication mechanisms implemented in big data storage nodes. 
This threat can be implemented if one or several nodes are disabled or disabled due to special software actions on big data storage nodes, as well as technical or software failures in the operation of their components";Low-potential domestic intruder;Information system, big data storage nodes;0;1;1;20.03.2015;11.02.2019
137;Threat of loss of cloud resource management;"The threat is the possibility of a breach of contractual obligations on the part of a cloud service provider in relation to their consumer due to the significant complexity of building an effective cloud resource management system for a cloud system, especially using the cloud resources of other cloud service providers. 
This threat is caused by the complexity of determining the logical and physical location of cloud resources, the lack of physical control measures for access to data warehouses, backups, etc. , as well as the need to take into account the specifics of information protection legislation in countries where cloud service providers are residents who perform the role of subcontractors for the provision of ordered cloud services. 
This threat can be implemented if meeting the requirements for the functionality of the cloud system becomes difficult (or impossible) due to the legal norms of other countries involved in cross-border transmission of cloud traffic";External intruder with high potential;Network traffic, file system objects;1;1;1;20.03.2015;11.02.2019
138;Threat of losing control of your own infrastructure when moving it to the cloud;"The threat lies in the possibility of making mistakes in managing the infrastructure of a cloud service consumer's system that has been migrated to the cloud, on the part of the cloud service provider, because it does not have information about the management features of a particular system, as well as because the cloud service consumer who has such information does not have the ability to systems due to their immigration to the cloud.
This threat is caused by the inability of the cloud service consumer to reliably assess the real level of security provided by the cloud service provider in relation to the protected information of the cloud service consumer, due to the confidentiality of information about the technologies, software and technical solutions used by the cloud service provider, as well as specific settings for information security tools. 
This threat can be implemented if a part of the system management functions of the cloud service consumer is transferred to the cloud service provider (when migrating part or all of the system to the cloud).";An internal intruder with an average potential;Information system migrated to the cloud, system software, application software, network software;1;1;1;20.03.2015;11.02.2019
139;The threat of overcoming physical defenses;"The threat consists in the possibility of the violator performing almost any destructive actions against the discredited information system when they gain physical access to the computer hardware of the system by overcoming the physical access control system organized in the enterprise building.
This threat is caused by vulnerabilities in the physical access control system (lack of locks in the room, personnel errors, etc.). 
The implementation of this threat is possible if the violator successfully uses any of the methods of entering the object (deception of personnel, breaking locks, etc.).";External intruder with medium potential;Server, workstation, storage media, hardware;1;1;1;20.03.2015;11.02.2019
140;"Threat of bringing the system to a ""denial of service""state";"The threat lies in the possibility of a discredited system refusing access to legitimate users in the event of an avalanche-like increase in the number of network connections to this system or when using shortcomings in the implementation of network protocols.
This threat is caused by the fact that the system consumes part of its resources to process each network request, as well as weaknesses in network technologies related to the limited speed of processing network request streams, insufficient control measures for connection management and errors in the implementation of network protocols.
The implementation of this threat is possible if the volume of requests exceeds the volume of resources available for processing them in the discredited system, or if there are errors in the implementation of network protocols (for example, generating an IP address of version 6 based on the MAC address, determining the availability of an IP address, using the PPP interface integrity control function, etc.).";"External intruder with low potential; Internal intruder with low potential";Information system, network node, system software, network software, network traffic, telecommunication device;0;0;1;20.03.2015;12.02.2019
141;Threat of linking to a cloud service provider;"The threat is the possibility of difficult (or even unsolvable) problems of a technical, organizational, legal, or other nature that prevent the consumer of cloud services from changing their provider.
This threat is caused by the lack of compatibility between data formats and software interfaces used in cloud infrastructures of various cloud service providers. 
This threat can be implemented if the cloud service provider uses non-standard software or virtual machine image format, and there are no tools to convert the virtual machine image from the format it uses to another one (used by another provider).";Low-potential domestic intruder;Information system migrated to the cloud, system software, network software, network traffic, file system objects;0;0;1;20.03.2015;11.02.2019
142;Threat of suspension of cloud services due to technical failures;"The threat lies in the possibility of reducing the quality of cloud services (or even refusing to provide them to end users) due to technical failures of at least one of the cloud service providers (part of the chain of intermediaries in providing cloud services to their end users), as well as due to significant delays or losses in data transmission channels rented by the consumer or cloud service providers. 
This threat is caused by weaknesses in the procedure for monitoring the performance of maintenance and compliance with the operating modes of technical means of the cloud information system. 
The implementation of this threat is possible if there are no backup mechanisms for processing, storing and transmitting information that are part of the cloud information system.";;System software, hardware, communication channel;0;0;1;20.03.2015;11.02.2019
143;Threat of software failure of information storage, processing, and/or input/output / transmission facilities;"The threat consists in the possibility of an intruder interrupting the technology of information processing in a discredited system by performing destructive software (locally or remotely) effects on storage facilities (external, removable and internal drives), processing (processor, device controller, etc.) and (or) input/output/transmission of information (keyboards, etc.), in particular:  as a result, the security object will go to the ""denial of service"" state. However, it may not be possible to recover it from this state by restarting the system, but it will require repair and restoration work. 
This threat is caused by the presence of vulnerabilities in the firmware of information storage, processing, and (or) input/output/transmission facilities, as well as the inability to store, process, and (or) input/output/transmission facilities for a long time in the mode of maximum permissible values (frequency of the system bus, central processor, number of read accesses, etc.).or record and other parameters).
The implementation of this threat is possible if the violator has the rights to send a command or specially generated input data to the storage, processing, and (or) input/output/transmission of information.";"External intruder with medium potential; Internal intruder with medium potential";Information carrier, firmware, hardware, telecommunication device;0;1;1;20.03.2015;12.02.2019
144;Threat of software reset of the BIOS password;"The threat consists in the possibility of unauthorized access to the BIOS/UEFI settings by entering an ""empty"" password after restarting the computer.
This threat is caused by weaknesses in the operating system's access control measures for the BIOS/UEFI password reset function. 
The implementation of this threat is possible under the following conditions:
 if the BIOS/UEFI software has an active interface for programmatically resetting the password directly from under the operating system;
 if the intruder has special software tools that implement password reset, as well as rights in the operating system to install and run these tools";Low-potential domestic intruder;BIOS/UEFI firmware, system software;1;1;0;20.03.2015;11.02.2019
145;Threat of missing software integrity checks;"The threat consists in the possibility of an intruder introducing malicious software into a discredited system by fraudulently redirecting requests from the user or its programs to its own network resource containing malicious software, for its ""manual"" or"" automatic "" download and subsequent installation in the discredited system on behalf of the user or its programs. 
This threat is caused by weaknesses in the mechanisms for verifying the integrity of software files and/or verifying the authenticity of the source of their receipt. 
This threat can be implemented if deceptive techniques are successfully used using one of the following methods: 
""manual method"" – the intruder, using deceptive mechanisms, persuades the user to follow a link to the intruder's network resource, which leads to the launch of malicious code on the user's computer, or convinces the user to download and install malicious software on their own (for example, under the guise of a game or antivirus tool); 
""automatic method"" – the intruder performs a destructive effect by redirecting the automatic update function of the discredited program to its own malicious server";"External intruder with low potential; Internal intruder with low potential";System software, Application software, Network software;0;1;1;20.03.2015;11.02.2019
146;Threat of direct access to the memory of the computing field of a supercomputer;"The threat consists in the possibility of an intruder's process operating in the computing field of a supercomputer reading protected data from RAM allocated for a parallel (discredited) process using remote direct memory access operations. 
This threat is caused by weaknesses in the direct RAM access protocol, which is used to access a memory segment allocated for a remote parallel process operating in the computing field of a supercomputer. 
The implementation of this threat is possible if the intruder successfully accesses the input/output data of parallel processes in the computing field of the supercomputer";"External intruder with medium potential; Internal intruder with medium potential";Computing nodes of a supercomputer, data transmission channels of a supercomputer, system software;1;0;0;20.03.2015;11.02.2019
147;Threat of unauthorized extension of elevated rights to the entire grid system;"The threat consists in the possibility of automatic distribution to the entire grid system of unauthorized privileges obtained by an intruder on a single node. 
This threat is caused by the presence of vulnerabilities in the client software of the grid system and weaknesses in the mechanism for assigning rights to users implemented in the binding software. 
The implementation of this threat is possible if the violator successfully increases his rights on one node of the grid system.";An internal intruder with an average potential;Grid system resource centers, grid system nodes, grid system, network software;1;1;0;20.03.2015;11.02.2019
148;Threat of failure of automatic management of the big data storage access control system;"The threat lies in the possibility of situations related to errors in automatically assigning access rights to users (granting additional permissions, erroneous inheritance, accidental restoration of ""inactive"" accounts, etc.). 
This threat is caused by weaknesses in the control measures for a large number (from a thousand, and in some cases up to several million) of user accounts by security administrators. 
This threat can be implemented if there are failures or errors in the operation of the big data storage access control system";;Information system, big data storage access control system;1;0;1;20.03.2015;11.02.2019
149;Threat of failure in processing specially modified files;"The threat consists in the possibility of the violator performing various illegal actions on behalf of discredited applications by causing a malfunction in their operation by making changes to the files processed by discredited programs or their metadata. 
This threat is caused by weaknesses in the mechanism for checking the integrity of processed files and the correctness of the data contained in them. 
This threat can be implemented
if:  the intruder has information about the file formats and values that cause discredited applications to fail when processing them;  a
mechanism that has been successfully created in the discredited system to intercept control over the violator's processing of a program failure";"External intruder with medium potential; Internal intruder with medium potential";Metadata, file system objects, and system software;1;1;1;20.03.2015;11.02.2019
150;Threat of failure of the BIOS update process;"The threat is the possibility of disabling the computer due to the introduction of critical errors in the BIOS/UEFI software as a result of a violation of the update process. 
This threat is caused by weaknesses in the BIOS/UEFI software update monitoring technologies. 
This threat can be implemented during computer repair and maintenance, both when installing a correct / compatible update version (due to crashes, interference, etc.), and when installing a damaged / incompatible update version (due to the lack of an integrity and compatibility check mechanism).";An internal intruder with an average potential;BIOS/UEFI firmware and hardware, communication channels;0;0;1;20.03.2015;11.02.2019
151;Threat of scanning web services developed based on the WSDL description language;"The threat consists in the possibility of an intruder obtaining information about the current configuration of web services and the presence of vulnerabilities in it by examining the WSDL interface of the web server. 
This threat is caused by insufficient information privacy measures implemented in WSDL services that provide detailed information about ports, services, and connections available to users. 
This threat can be implemented if the intruder has network access to the network resource under investigation and special software tools for scanning the network";External intruder with low potential;Network software, network node;1;0;0;20.03.2015;11.02.2019
152;Threat of deleting authentication information;"The threat lies in the possibility of denying legitimate users access to information resources, as well as in the possibility of an intruder obtaining the privileges of a discredited user by resetting (zeroing, deleting) his authentication information. 
This threat is caused by weaknesses in the policy of restricting access to authentication information and tools for working with user accounts.
This threat can be implemented if one of the following conditions is met: 
regular tools for working with user accounts have the functionality of resetting authentication information, and the violator has received privileges in the discredited system to use these tools; 
the violator has special software that implements the function of resetting authentication information, and has received privileges in the discredited system to use these tools";"External intruder with low potential; Internal intruder with low potential";System software, firmware, user credentials;1;1;1;20.03.2015;11.02.2019
153;Threat of increased impact on users ' computing resources using third-party servers;"The threat consists in the possibility of the intruder's indirect destructive software impact on the discredited system by a large volume of network traffic generated by third-party servers in response to network requests made by the intruder on behalf of the discredited system. The network traffic generated by third-party servers significantly exceeds the volume of network requests generated by the intruder.
This threat is caused by weaknesses in the firewall measures of the discredited information system, measures to control the authenticity of network requests on third-party servers, as well as weaknesses in the open system interaction model.
This threat can be implemented if the intruder has: 
information about third-party servers with insufficient network request authentication measures; 
information about the network address of the discredited system; 
special software that implements network packet generation functions";"External intruder with low potential; Internal intruder with low potential";Information system, network node, system software, network software;0;0;1;20.03.2015;11.02.2019
154;Threat of installing vulnerable versions of the BIOS software update;"The threat consists in the possibility of introducing vulnerabilities in the BIOS/UEFI software during its update, which can be used later to bring the computer into a ""denial of service"" state, unauthorized changes to the BIOS/UEFI configuration, or execution of malicious code every time the computer starts up. 
This threat is caused by weaknesses in measures to control the absence of vulnerabilities in the newly released versions of the BIOS/UEFI software update. 
The implementation of this threat is possible during the repair and maintenance of the computer";"External intruder with medium potential; Internal intruder with medium potential";BIOS/UEFI Firmware;1;1;1;20.03.2015;11.02.2019
155;Threat of loss of computing resources;"The threat consists in the possibility of refusing to allocate resources to a legitimate user for processing their requests due to the violator's exhaustion of free resources in the system, carried out by unauthorized exclusion of them from the general resource pool based on ""resource leakage"" or ""resource allocation""techniques.
This threat is caused by weaknesses in the mechanism for controlling the distribution of computing resources between users, as well as measures for inter-network shielding of the discredited information system and monitoring the authenticity of network requests on third-party servers. 
This threat can be implemented if the intruder has: 
information about the format and parameters of destructive actions on the system that lead to the exclusion (""leakage"" or ""allocation"") of free resources from the general resource pool of the discredited system; 
privileges sufficient for performing destructive actions (""leakage"" or ""allocation"") in the discredited system; 
administrators do not have the ability to: ""resource leaks"" – system reboots when an intruder sends a large number of resource allocation requests, and for the ""resource allocation"" technique – forced release of resources allocated at the request of malicious processes";"External intruder with low potential; Internal intruder with low potential";Information system, network node, storage medium, system software, network software, network traffic;0;0;1;20.03.2015;11.02.2019
156;Threat of loss of data carriers;"The threat consists in the possibility of disclosure of information stored on a lost medium (if there is no data encryption), or its loss (if there is no data backup).
This threat is caused by weaknesses in data storage registration and accounting measures, as well as backup measures for protected data.
The implementation of this threat is possible due to employee negligence";Low-potential domestic intruder;Information carrier;1;0;1;20.03.2015;11.02.2019
157;Threat of physical failure of information storage, processing, and/or input/output / transmission facilities;"The threat consists in the possibility of an external intruder intentionally disabling the means of storing, processing, and / or I / O / transmitting information, which may lead to a violation of the availability, and in some cases, the integrity of the protected information. 
This threat is caused by weaknesses in physical access control measures for storing, processing, and/or I/O / transmitting information. 
Implementation of this threat is possible if the violator obtains physical access to information storage media (external, removable, and internal drives), information processing facilities (processor, device controllers, etc.), and information input/output facilities (keyboard, etc.).";External intruder with low potential;Server, workstation, storage media, hardware;0;1;1;20.03.2015;11.02.2019
158;Media formatting threat;"The threat is the possibility of loss of information stored on the formatted storage medium, often without the possibility of recovery, due to deliberate or accidental execution of the formatting procedure for the storage medium. 
This threat is caused by weak measures to restrict access to the system's media formatting function. 
The implementation of this threat is affected by such factors as: 
the time elapsed after formatting; 
the type of information carrier; 
the type of file system of the media;
the intensity of interaction with the media after formatting, etc.";"External intruder with low potential; Internal intruder with low potential";Information carrier;0;1;1;20.03.2015;11.02.2019
159;"The threat of ""forced web browsing""";"The threat consists in the possibility of an intruder gaining access to protected information, performing privileged operations, or performing other destructive actions on incorrectly protected components of web applications. 
This threat is caused by weaknesses (or lack of) of the mechanism for checking the correctness of entered data on web servers. 
The implementation of this threat is possible if you successfully ""manually enter"" certain addresses of web pages in the address bar of the web browser and forcibly navigate through the website tree to pages that are not explicitly linked on the website";External intruder with low potential;Network node, network software;1;0;0;20.03.2015;11.02.2019
160;Threat of theft of information storage, processing, and/or input/output / transmission facilities;"The threat consists in the possibility of an external intruder stealing a computer (and its connected devices), USB drives, optical disks, or other means of storing, processing, I/O, or transmitting information. 
This threat is caused by weaknesses in physical access control measures for storing, processing, and/or I/O / transmitting information. 
This threat can be implemented if the intruder has physical access to information storage media (external, removable, and internal drives), information processing facilities (processor, device controllers, etc.), and information input/output facilities (keyboard, etc.).";External intruder with low potential;Server, workstation, storage media, hardware;1;0;1;20.03.2015;11.02.2019
161;Threat of excessive use of computing resources of the supercomputer during intensive interprocessor message exchange;"The threat consists in the possibility of a ""denial of service"" situation on the part of the computing field of the supercomputer. 
This threat is caused by weaknesses in measures to control the distribution of computing resources of the supercomputer when processing a task with multiple processors. 
The implementation of this threat is possible if the supercomputer performs specific computational tasks, during which interprocessor messages are generated with high intensity";Low-potential domestic intruder;Computing nodes of a supercomputer;0;0;1;20.03.2015;11.02.2019
162;Threat of exploiting the digital signature of program code;"The threat consists in the possibility of an intruder increasing privileges in systems that use a digital code signature as a link between a program and its privileges, by discrediting the program code signing mechanism.
This threat is caused by weaknesses in the program code signing mechanism.
This threat can be implemented under the following conditions: 
the discredited program code is written using a framework that supports signing program code; 
the discredited program code is signed by the vendor (software provider); 
the violator has the ability to inject program code into the discredited computer";"External intruder with low potential; Internal intruder with low potential";System software, application software;1;1;1;20.03.2015;11.02.2019
163;Threat of catching an exception / signal from a privileged function block;"The threat consists in the ability of an intruder to gain access rights to protected information by intercepting exceptions/signals generated by a section of program code executed with elevated privileges (a privileged function block) and containing commands for managing protected information. 
This threat is caused by the fact that calling program functions in privileged mode implies disabling access control mechanisms for them. 
This threat can be implemented under the following conditions: 
a discredited program written in a programming language that supports the privileged block mechanism (for example, Java); 
in a discredited program, privileged blocks are called in an unsafe way (public declaration of internal functions is used, exceptions are generated from the privileged block); 
the violator has sufficient rights to intercept software exceptions in the system";"External intruder with medium potential; Internal intruder with medium potential";System Software;1;1;1;31.03.2015;11.02.2019
164;Threat of denial-of-service status propagation in cloud infrastructure;"The threat consists in the possibility of spreading negative consequences from the implementation of threats at the physical or virtual level of the cloud infrastructure to the management and orchestration levels, as well as to all information systems deployed on the basis of discredited cloud infrastructure. 
This threat is caused by the inability of information systems to function in the cloud if the cloud infrastructure itself does not work correctly, as well as the dependence of the health of the upper levels of the cloud infrastructure on the health of the lower ones. 
This threat can be implemented if the cloud infrastructure at the physical or virtual level of the cloud infrastructure is put in a denial-of-service state";"External intruder with low potential; Internal intruder with low potential";Cloud infrastructure created using virtualization technologies;1;1;1;31.03.2015;11.02.2019
165;Threat of inclusion of components that are not reliably tested in the project;"The threat consists in the possibility of violating the security of protected information due to the choice of components for use in the system that are not in accordance with their functional characteristics, reliability, availability of certificates, etc. specified by the designer. 
This threat is caused by insufficient measures to control errors during the design of security-related systems. 
The implementation of this threat is possible if you choose to use components in the system at a price, advertised, etc.";An internal intruder with an average potential;Software, technical means, information system, key system of information infrastructure;1;1;1;25.05.2015;11.02.2019
166;Threat of introducing system redundancy;"The threat is the possibility of reducing the speed of data processing (i.e. availability) by software components (or the system as a whole) due to the introduction of redundant components (initially unnecessary or unnecessary when making changes to the project).
This threat is caused by insufficient measures to control errors during the design of security-related systems. 
Implementation of this threat is possible if changes are made to the list of tasks solved by the designed software (designed system).";An internal intruder with an average potential;Software, information system, key information infrastructure system;0;0;1;25.05.2015;11.02.2019
167;Threat of computer infection when visiting unreliable sites;"The threat consists in the possibility of violating the security of protected information by malicious programs that are secretly installed when system users visit sites with unreliable content from their workplaces (intentionally or accidentally redirected) and run with the privileges of discredited users.
This threat is caused by weaknesses in network traffic filtering and anti-virus control mechanisms at the organization level. 
This threat can be implemented if users of the system visit sites with unreliable content from their workplaces";Low-potential domestic intruder;Network node, network software;1;1;1;25.05.2015;11.02.2019
168;"Threat of ""theft"" of the network service access account";"The threat consists in the possibility of unauthorized familiarization by the violator with the protected user information by obtaining identification/authentication information corresponding to the user's access account to network services (social network, cloud services, etc.), which is associated with an inactive/non-existent email address.
This threat is caused by insufficient measures to control the activity/existence of email mailboxes.
This threat can be implemented under the following conditions:
 if the email address associated with the user's access account to network services has the ""free to borrow"" status (for example, if the user specified a non-existent address during registration or did not access the mailbox for a long time, as a result of which it was disabled);
 if the intruder has information about about the email address associated with the discredited user's account for accessing network services";External intruder with low potential;Network Software;1;0;1;25.05.2015;11.02.2019
169;Threat of developer mechanisms;"The threat lies in the possibility of intercepting program management through the use of debugging mechanisms (special software functions or hardware elements that help you test and debug tools during their development).
This threat is caused by insufficient measures to control errors during the development of information security tools. 
This threat can be implemented if debugging mechanisms are not removed in the program.";An internal intruder with an average potential;Software, technical means;1;1;1;25.05.2015;11.02.2019
170;Threat of unauthorized encryption of information;"The threat consists in the possibility of actual loss of availability of protected data due to their unauthorized cryptographic transformation by an intruder using a secret key known only to him.
This threat is caused by weaknesses in antivirus protection, as well as in access control mechanisms. 
The implementation of this threat is possible if the intruder successfully installs a cryptographic information conversion tool on the discredited computer, as well as successfully detects (identifies) the protected files by the intruder";External intruder with low potential;File system object;0;0;1;25.05.2015;11.02.2019
171;Threat of covert inclusion of a computing device in the botnet;"The threat consists in the possibility of the intruder's indirect destructive impact on information systems from a variety of computing devices (computers, mobile technical equipment, etc.) connected to the Internet, by seizing control of such devices by unauthorized installation of:
malicious software of the Backdoor type to provide the intruder with the ability to remotely access/control the discredited computing device;
client software for inclusion in the botnet and use of the botnet created in this way for various illegal purposes (sending spam, conducting denial-of-service attacks, etc.). 
This threat is caused by vulnerabilities in the network software and weaknesses in the anti-virus control and firewall mechanisms. 
The implementation of this threat is possible if there is an exit from the discredited computing device to the Internet";External intruder with low potential;Network node, network software;0;0;1;25.05.2015;11.02.2019
172;"The threat of the spread of ""mail worms""";"The threat consists in the possibility of violating the security of the user's protected information by malicious programs that are secretly installed when system users receive emails containing malicious software such as ""mail worm"", as well as unwittingly participating in further illegal distribution of malicious code.
This threat is caused by weaknesses in the anti-virus control mechanisms.
This threat can be implemented if the discredited user has an electronic mailbox, as well as at least one address of another user in their address book.";External intruder with low potential;Network Software;1;1;1;25.05.2015;11.02.2019
173;Web Server Spam Threat;"The threat consists in the possibility of illegal mass distribution of commercial, political, fraudulent and other messages to the web server by the violator without a request from the discredited web servers. 
This threat is caused by vulnerabilities in the mechanisms for filtering messages coming from the Internet.
This threat can be implemented if the discredited web server has activated functionality that implements various mail servers, instant message delivery services, blogs, forums, web store auctions, online SMS messaging services, online voting services, etc.";External intruder with low potential;Network Software;0;0;1;25.05.2015;11.02.2019
174;"The threat of ""pharming""";"The threat consists in the possibility of unauthorized familiarization by the violator with the protected information (including identification/authentication) of the user by secretly redirecting the user to a fake site (which looks the same as the original one), where the discredited user is required to enter the protected information. 
This threat is caused by vulnerabilities in the DNS server and router.
This threat can be implemented if the intruder has: 
information about specific sites visited by the user that require entering protected information; 
tools for creating and launching a fake site; 
special software tools of the ""exploit"" type that redirect the user to a fake site. 
In addition, this type of threat affects genuine sites that do not require establishing a secure connection before entering restricted access information.";External intruder with low potential;Workstation, network software, network traffic;1;0;0;25.05.2015;11.02.2019
175;Phishing threat;"The threat consists in the possibility of unauthorized familiarization by the violator with the protected information (including identification/authentication) of the user by convincing him using social engineering methods (including sending targeted emails (the so-called spear-phishing attack), using calls with a question about opening an email attachment, imitation of advertising offers (fake offers) or various applications (fake apps)) go to a fake site (which looks the same as the original one), where the discredited user is required to enter protected information or open an infected attachment in an email. 
This threat is caused by insufficient knowledge of users about the methods and means of ""phishing"".
This threat can be implemented if the intruder has: 
information about specific sites visited by the user that require entering protected information; 
tools for creating and launching a fake site; 
information about the user's contacts with a trusted organization (phone number, email address, etc.). 
Fake emails from the administration of an organization that the user interacts with (for example, a bank)are most often used to persuade the user to disclose restricted access information (or open an attachment to an email)";External intruder with low potential;Workstation, network software, network traffic;1;0;0;25.05.2015;11.02.2019
176;Risk of disruption of the technological / production process due to time delays introduced by the security tool;"The threat consists in the possibility of bringing the system into a ""denial of service"" state or disrupting the normal functioning mode due to a time delay in real-time systems introduced into the processes of transmitting and processing protected information by information security tools, caused by the need to process the transmitted / processed information in order to identify and neutralize information security threats. 
The implementation of this threat is affected not only by the range of information security tools used, their settings, the amount of information transmitted/processed, but also by the current activity of external intruders whose software impacts are processed by information security tools.";External intruder with low potential;Information protection tool;0;0;1;18.08.2015;11.02.2019
177;Threat of unconfirmed data entry by the operator into a security-related system;"The threat consists in the possibility of errors in the system operation due to the absence (or ignoring) of a procedure for detecting and correcting errors in the data entered during operation by the operator himself, before activating the managed equipment. In addition, the implementation of this threat may result in incorrectly implemented (or missing) means of responding to incorrect, spontaneous actions of the operator, tools for taking into account the lower/upper limits of the speed and direction of the operator's reaction, response schemes for double-tapping keys when entering normal and critical data, procedures for forming time pauses with the ability to choose different answers (yes/no, etc.). 
The feasibility of this threat depends on the requirements for detecting and correcting errors in the data entered into the security-related system, as well as the difference between these requirements and the actual level of error detection and correction.";Low-potential domestic intruder;System software, Network software, Application software, Hardware;0;1;1;18.08.2015;11.02.2019
178;Threat of unauthorized use of system and network utilities;"The threat consists in the possibility of an intruder performing a destructive software impact on the system through the use of existing or pre-implemented standard (known and usually undetected by antivirus programs as malicious) system and network utilities intended for use by the administrator for diagnostics and maintenance of the system (network).
The implementation of this threat is possible under the following conditions: 
the presence of standard system and network utilities in the system or their successful implementation by the intruder into the system and hiding (using existing archives, ""hidden"" or ""read-only"" attributes, etc.);
 the intruder has privileges to run such utilities";"External intruder with low potential; Internal intruder with low potential";System Software;1;1;1;18.08.2015;11.02.2019
179;Threat of unauthorized modification of protected information;"The threat consists in the possibility of violating the integrity of the protected information by performing a destructive physical impact on the machine storage medium or destructive software impact (including changing individual bits or completely erasing information) on the data stored on it. 
The implementation of this threat is possible if the violator obtains system rights to write data or physical access to the machine storage medium at a distance sufficient to provide an effective destructive impact.";"External intruder with low potential; Internal intruder with low potential";File system Objects;0;1;0;18.08.2015;11.02.2019
180;Threat of failure of the temperature control subsystem;"The threat is the possibility of damage to part of the system components or the system as a whole due to the temperature regime of their operation exceeding the specified requirements due to the failure of the ventilation subsystems and temperature devices included in it. 
The implementation of this threat is possible both due to natural man-made causes, and by carrying out certain measures by the violator aimed at remotely disabling / disabling components of the temperature control subsystem.";"Internal intruder with low potential; External intruder with medium potential";Technical means of air conditioning, including pipeline systems for cooling air circulation in the data center, programmable logic controllers, distributed control systems, management systems, and other software control tools;0;0;1;18.08.2015;11.02.2019
181;Threat of real-time interception of one-time passwords;"The threat consists in the possibility of an intruder taking control of critical user operations by intercepting one-time passwords sent by the system automatically and using them to perform illegal actions before their validity period expires (usually no more than 5 minutes).
This threat can be implemented if the following conditions
are met: the intruder has information about the identification/authentication information of the discredited user of a conditional permanent action; 
the intruder successfully intercepts traffic between the system and the user";External intruder with medium potential;Network Software;0;1;0;18.08.2015;11.02.2019
182;Threat of physical obsolescence of hardware components;"The threat consists in the possibility of disruption of the system's security-related functionality due to failures of hardware components of this system due to their physical obsolescence (rust, rapid wear, oxidation, contamination, peeling, peeling, etc.) due to the influence of the physical environment (humidity, dust, corrosive substances).
The possibility of implementing this threat increases when users use technical means in conditions that do not meet the requirements set by their manufacturer.";Low-potential domestic intruder;Hardware tool;0;0;1;18.08.2015;11.02.2019
183;Threat of control interception by an automated process control system;"The threat consists in the possibility for the violator to gain unauthorized access to the information infrastructure by obtaining the violator the right to control the automated process control system that is part of it by exploiting vulnerabilities in its software or weaknesses in technological data transmission protocols. 
This threat is caused by the presence of software-based network interaction interfaces in the automated process control system and, as a result, the possibility of unauthorized access to this system, as well as insufficient network traffic filtering and anti-virus protection measures. 
The implementation of this threat is possible if the violator has the rights to interact with the automated process control system. The implementation of this threat may result in: 
blocking or distortion (incorrect execution) of algorithms for working out tasks for managing technological processes, direct control of enterprise equipment; 
violation of the normal course of technological processes; 
partial or complete shutdown of technological processes without (or with) equipment failure; 
emergency situation in a critical information infrastructure system";"External intruder with high potential; Internal intruder with medium potential";Software of the automated process control system;0;1;1;23.06.2016;11.02.2019
184;Threat of data aggregation processed using a mobile device;"The threat consists in the possibility of the violator collecting and analyzing information processed using a mobile device, through the use of special software embedded by the user in the system software of the mobile device, as well as embedded in mobile programs under the guise of a software platform for their development by other companies. 
This threat is caused by the presence of multiple data transmission channels in a mobile device, as well as the complexity of controlling the flow of information in such a device. 
This threat can be implemented if users use mobile devices. The information collected may include: 
personal data of the user and persons in contact with them (gender, age, religious and political views, etc.); 
restricted access information (browser history, user's contact list, call history, etc.); 
environmental data (current location of the mobile device, driving directions, availability of wireless networks within the access radius); 
video data captured by the mobile device's video cameras; 
audio data captured by the device's microphone";An internal intruder with an average potential;Mobile device;1;0;0;23.06.2016;11.02.2019
185;Threat of unauthorized modification of information security settings;The threat consists in the possibility of an intruder making unauthorized changes to the settings of the information security tool. This threat is caused by weaknesses in measures to restrict access to configuration files of the information security tool. The implementation of this threat is possible if the violator obtains access rights to the software management interface of the information security tool, as well as if the violator has information about the structure and format of the configuration files of the information security tool.;"External intruder with low potential; Internal intruder with low potential";Information protection tool;1;1;1;23.06.2016;11.02.2019
186;Threat of malicious code injection through ads, services, and content;"The threat consists in the possibility of an intruder introducing malicious code into the information system through advertising, services and (or) content (i.e. convincing the system user to activate the link, code, etc.) when the system user visits sites on the Internet or installs programs with the function of displaying ads. 
This threat is caused by weaknesses in network traffic filtering and anti-virus control mechanisms at the organization level. 
The implementation of this threat is possible if users of the system visit sites on the Internet from their workplaces";Low-potential domestic intruder;Network Software;0;1;1;23.06.2016;11.02.2019
187;Threat of unauthorized impact on the information security tool;"The threat consists in the possibility of unauthorized access by the violator to the software environment for managing the information security tool and changing the mode of its operation. 
The threat is caused by the availability of a software management environment and interaction with system users for information protection tools. 
The implementation of this threat is possible if the violator obtains access rights to the software interface for managing the information security tool";"External intruder with medium potential; Internal intruder with medium potential";Information protection tool;1;1;1;21.10.2016;11.02.2019
188;Threat of software spoofing;"The threat consists in the possibility of an intruder introducing malicious software into the system by downloading and installing malicious software hidden under the guise of legitimate freely distributed software. 
This threat is caused by the user's rights to install software from the Internet.
The implementation of this threat is possible when downloading software on the Internet";An internal intruder with an average potential;Application software, Network software, System software;1;1;1;21.10.2016;11.02.2019
189;Threat of masking malicious code actions;"The threat lies in the possibility of hiding malicious code actions in the system due to the use of special code masking mechanisms (archiving, changing the data format, etc.), which prevent its further analysis. 
This threat is caused by the presence of methods for masking program code that are not taken into account by the signature databases of information security tools, as well as operating system mechanisms that allow you to search for information security modules. 
This threat can be implemented if the system uses outdated versions of information protection tools";External intruder with medium potential;System software, network software;0;1;1;21.10.2016;08.02.2019
190;Threat of introducing malicious code by visiting infected sites on the Internet;"The threat consists in the possibility of an intruder injecting malicious code into the user's computer when visiting infected sites. The intruder identifies the sites most visited by the user, then hacks them and inserts malicious code into them. This threat is caused by weaknesses in anti-virus protection measures, as well as the lack of firewall rules. This threat can be implemented if: 
the user has unlimited access to the Internet;
 the intruder has information about the sites visited by the user";External intruder with medium potential;Network Software;1;1;1;21.10.2016;08.02.2019
191;Threat of malicious code being introduced into the software distribution;"The threat consists in the possibility of an intruder infecting the system by installing an untrusted distribution kit with malicious code embedded in it. This threat is caused by weaknesses in anti-virus protection measures. This threat can be implemented if: the user uses third-party distributions; there is no antivirus check before installing the distribution.";"External intruder with low potential; Internal intruder with low potential";Application software, Network software, System software;1;1;1;21.10.2016;11.02.2020
192;Threat of using vulnerable software versions;The threat consists in the possibility of an intruder having a destructive impact on the system by exploiting software vulnerabilities. This threat is caused by weaknesses in the software's vulnerability analysis mechanisms. The implementation of this threat is possible if you do not check for vulnerabilities before using the software, or if you use software that has been discontinued by the manufacturer;"External intruder with low potential; Internal intruder with low potential";Application software, Network software, System software;1;1;1;21.10.2016;25.11.2020
193;Threat of information leakage due to the use of malicious software traffic encryption algorithms;"The threat lies in the possibility of information leakage due to the use of malicious software traffic encryption algorithms that hide the very fact of data transfer. 
This threat is caused by weaknesses in information security measures for storing, processing, and transmitting information resources. 
This threat can be implemented: 
if the specified malicious software is successfully introduced into the discredited system; 
if there is no or insufficient implementation of firewall measures";External intruder with medium potential;Information resources, file system objects;1;0;0;01.12.2016;20.05.2020
194;Threat of unauthorized use of privileged functions of a mobile device;"The threat lies in the possibility that the violator can remove the manufacturer's pre-installed restrictions on configuring privileged functions of the mobile device. This threat is caused by the presence of vulnerabilities in the operating systems of the mobile device that allow access to the settings of privileged functions. 
This threat can be implemented if an intruder gains access to a mobile device";External intruder with high potential;Mobile device;1;1;1;01.12.2016;08.02.2019
195;Threat of remote execution of malicious code bypassing the operating system's security mechanisms;"The threat is the ability to run malicious code remotely by creating applications that bypass the security mechanisms built into the operating system. 
This threat is caused by errors in processors (for example, errors in the Intel processor of the Haswell generation), which allow the creation of special applications to bypass the protection mechanisms built into the operating system (for example, the ASLR mechanism). 
This threat can be implemented if: a collision is initiated in the target buffer table - it can be used to find out the memory areas where specific code fragments are located; 
creating an application that uses these code fragments to bypass the protection mechanism; 
run this application in conjunction with an exploit of any vulnerability of the operating system itself to create the ability to run malicious code remotely";External intruder with high potential;Fixed and mobile devices (computers and laptops) (hardware device);0;1;0;07.06.2017;08.02.2019
196;Threat of malware controlling the list of apps running on a mobile device;"The threat lies in the possibility of using malware to control the list of applications running on a mobile device. 
This threat is caused by insufficient anti-virus protection measures, which allows you to perform uncontrolled launch of malicious programs (lack of control of authorized software). This threat can be implemented if the malware is embedded on a mobile device and unintentionally launched by the user";External intruder with high potential;Mobile device (hardware device);0;1;1;07.06.2017;08.02.2019
197;Threat of theft of authentication information from temporary cookies;"The threat consists in the possibility that malicious software can steal users ' authentication information and their accounts stored in temporary cookies, and transmit this information to intruders via the open RDP port. 
This threat is caused by insufficient anti-virus protection measures, which allows you to perform uncontrolled launch of malicious software (lack of control of authorized software).
In addition, this threat is caused by the failure to take measures to erase residual information from temporary files (clearing temporary files).
This threat can be implemented if the RDP port is open on the attacked computer.";External intruder with medium potential;Information stored on your computer in temporary files (software);1;0;0;07.06.2017;08.02.2019
198;Threat of hidden registration of administrator accounts by malicious software;"The threat lies in the possibility of the embedded malware secretly creating accounts with administrator rights in order to use them later for unauthorized access to user information and software settings installed on the infected computer. 
This threat is caused by insufficient anti-virus protection measures, which allows you to perform uncontrolled launch of malicious software (lack of control over the allowed software).
In addition, this threat is caused by insufficient measures to differentiate access (control the creation of user accounts).
This threat can be implemented if the RDP port is open on the attacked computer.";External intruder with medium potential;Access control system built into the computer's operating system (software);0;1;0;07.06.2017;08.02.2019
199;Threat of interception of mobile device control when using virtual voice assistants;"The threat lies in the ability to control the mobile device and applications running on it on behalf of a legitimate user by transmitting these commands via virtual voice assistants (for example, via Siri for iPhone).
This threat is caused by problems with user authentication, in particular by Voice ID. The voice assistant cannot be completely sure that the voice being addressed belongs to the owner of the device, so for the convenience of users and to guarantee operation, the Voice ID sensitivity is set to low. This allows the intruder to use the speech recorded on the voice recorder of the owner of the mobile device. This threat can be implemented if the virtual voice assistant is in the active state (i.e., not disabled) and the voice ID sensitivity is set to low";External intruder with medium potential;Mobile device and applications running on it (software, hardware device);1;0;1;07.06.2017;08.02.2019
200;Threat of information theft from a mobile device when using virtual voice assistants;"The threat lies in the possibility of theft of user data from their mobile device through virtual voice assistants (for example, via Siri for iPhone).
This threat is caused by problems with user authentication, in particular by Voice ID. The voice assistant cannot be completely sure that the voice that is being accessed belongs to the owner of the device, so for the convenience of users and to guarantee operation, the Voice ID sensitivity is set to low. This allows the intruder to use the speech recorded on the voice recorder of the owner of the mobile device. This threat can be implemented if the virtual voice assistant is in the active state (i.e. not disabled) and the voice ID sensitivity is set to low";External intruder with medium potential;Mobile device user data (hardware device);1;0;0;07.06.2017;08.02.2019
201;Threat of user data leakage when using the automatic filling in of authentication information in the browser;"The threat lies in the possibility of user data leakage due to the use of the automatic filling in authorization forms function implemented in browsers. 
The implementation of this threat is caused by storing user data used for autofilling authorization forms in clear text in browsers. 
This threat can be implemented if the user uses a browser that implements and activates the function of automatic filling in authorization forms.";External intruder with medium potential;User authentication data (software);1;0;0;07.06.2017;08.02.2019
202;Threat of unauthorized installation of apps on mobile devices;"The threat lies in the possibility of installing applications on virtual machines of mobile devices running the Android operating system, which were launched without authorization by an embedded malicious program. The malicious program starts a virtual machine on a mobile device and hosts (installs) an unlimited number of applications in this virtual machine. 
This threat is caused by insufficient measures to control the launch of application software, which allows you to perform uncontrolled launch of malicious application software after the user performs various actions in the system (for example, when the user tries to close unwanted ads).
This threat can be implemented if there is a malicious program on the mobile device that can launch a VM and install an application in this VM.";External intruder with medium potential;Mobile devices (hardware device, software);1;0;0;07.06.2017;08.02.2019
203;Threat of information leakage from computers that are not connected to the Internet;"The threat consists in the possibility of data theft from computers that are not connected to the Internet by compromising their hardware elements or switching equipment devices (for example, routers) equipped with LED indicators, fixing the flickering of these indicators and decrypting the results obtained. 
The implementation of this threat is due to the fact that there is a possibility of unauthorized access to control these indicators (using special firmware or privilege escalation and executing malicious code), which allows transmitting information by converting it into a sequence of indicator signals for computers and switching equipment. 
The implementation of this threat is possible provided that the attacker has obtained physical access to the compromised computer or switching equipment to install a means of visual removal of LED indicator signals.";"External intruder with medium potential; Internal intruder with medium potential";Software;1;0;0;01.09.2017;08.02.2019
204;Threat of unauthorized modification of parameter values of programmable logic controllers by malicious software;"The threat consists in the possibility of unauthorized modification of the values of parameters for monitoring and controlling executive devices in programmable logic controllers by a malicious program after its penetration and authorization on these devices. 
The implementation of the threat is caused by the ability of a malicious program to detect programmable logic controllers on the network, to penetrate and function in the operating system of programmable logic controllers, as well as by shortcomings in authentication mechanisms. 
Implementation of this threat is possible provided that there is a possibility of access to the elements of the automated process control system via the Internet";External intruder with medium potential;Hardware device;0;1;0;01.09.2017;08.02.2019
205;Threat of computer malfunction and blocking access to its data due to incorrect operation of the security tools installed on it;"The threat consists in the possibility of disrupting the operation of the computer and denying access to its data due to the erroneous blocking of files by the information protection tool.
The implementation of this threat is due to the fact that the computer has an information protection tool that implements the function of blocking files";External intruder with low potential;Hardware device, software;0;0;1;01.09.2017;08.02.2019
206;Threat of equipment failure due to changes in its geolocation information;The threat consists in the failure of the CNC equipment caused by a change in the geolocation information about this equipment. The threat is caused by the geolocation binding of CNC equipment to a specific geographical coordinate during commissioning. The threat is realized if the CNC equipment is moved and leads to the impossibility of its further operation;External intruder with high potential;Hardware device;1;0;1;30.10.2017;08.02.2019
207;"Threat of unauthorized access to hardware configuration parameters through the use of ""master codes ""(engineering passwords)";"The threat consists in unauthorized access to information configuration parameters in CNC equipment through the use of special "" master codes ""(engineering passwords),"" hardcoded "" (not changed by configuration) in the software of this equipment. The threat is caused by the need for repair work in case of failures in the software of CNC equipment by representatives of the manufacturer";"External intruder with low potential; Internal intruder with low potential";Hardware device, software;1;1;1;30.10.2017;08.02.2019
208;Threat of misuse of computing resources of computer equipment;"The threat lies in the possibility of using the computing resources of computer equipment for implementing third-party computing processes.
The threat is implemented through the introduction of a malicious program containing code that implements the use of computing resources for its own needs (in particular, for cryptocurrency mining).
This threat is caused by insufficient information security measures: 
measures for anti-virus protection, which allows you to install and run a malicious program; 
measures to restrict the software environment, which allow the intruder to launch software components without control.";"External intruder with low potential; Internal intruder with low potential; External intruder with medium potential; Internal intruder with medium potential";Computer hardware, mobile device;0;0;1;10.04.2018;08.02.2019
209;"Threat of unauthorized access to protected memory 
processor cores";"The threat consists in the possibility of accessing protected memory from a program that does not have the appropriate rights, as a result of exploiting vulnerabilities that allow you to overcome the access control mechanism implemented by the central processor. 
The implementation of this threat is caused by the presence of vulnerabilities related to an error in memory access control based on speculative execution of processor instructions. An access control error is caused by the following factors: 
1) no verification of the process's access rights to readable areas during speculative operations, including reading from RAM; 
2) lack of clearing the cache from the results of erroneous speculative execution; 
3) storing operating system kernel data in the process address space. 
The implementation of this threat is possible due to the presence of processors with hardware vulnerabilities and the lack of relevant updates.";"External intruder with low potential; Internal intruder with low potential";Hardware device;1;1;1;13.06.2018;08.02.2019
210;Threat of disruption of the information system caused by updating the software used in it;"The threat is a possible disruption of the functioning of software, hardware and software elements of the information system or the information system as a whole due to incorrect operation of installed updates (patches) of the system software. 
The threat is caused by the presence of critical errors, defects, and vulnerabilities in the information system software used. 
The implementation of this threat is possible if updates are installed on the hardware and software components of the information system.";A high-potential domestic intruder;Hardware device, firmware, system and application software;0;1;1;19.11.2018;08.02.2019
211;Threat of using unverified user data when generating a configuration file used by information systems administration software;"The threat consists in the possibility of a destructive impact on the information system and the information processed by it as a result of the operation of the software used for the administration of information systems.
This threat is related to weaknesses in the procedure for verifying user data used when generating a configuration file for information systems administration software.
The implementation of this threat is possible if the information system uses information systems administration software, which uses configuration files generated on the basis of user data as source data.";Low-potential domestic intruder;System Software;1;1;0;19.11.2018;08.02.2019
212;Threat of information system management interception;"The threat consists in the possibility of unauthorized access to information, software, and computing resources of an information system by an intruder as a result of substitution of centralized management tools for the information system or its components. 
This threat is caused by the presence of software interfaces for interaction with other access subjects (processes, programs) in centralized management tools and, as a result, the possibility of unauthorized access to these centralized management tools, as well as insufficient measures to differentiate access to them. 
The implementation of this threat is possible if the violator has the rights to interact with centralized management tools";An internal intruder with an average potential;Information systems infrastructure;1;1;1;19.11.2018;08.02.2019
213;Threat of bypassing multi-factor authentication;"The threat consists in the ability to bypass multi-factor authentication by injecting malicious code into the discredited system and components involved in the multi-factor authentication procedure. 
This threat is caused
by:  software vulnerabilities; 
weaknesses in anti-virus protection and access control measures. 
This threat can be implemented:
if the discredited user works with files coming from untrusted sources; 
if they have software installation privileges";External intruder with high potential;System software, firmware, user credentials;1;1;1;19.11.2018;08.02.2019
214;Threat of late detection and response by components of an information (automated) system (including information security tools) to information security events;"The threat consists in the omission and / or significant time delay in determining (detecting) information security events, which leads to a lack of response to attempts of unauthorized access to the information (automated) system, to the introduction of malicious programs. 
This threat is caused by incorrect configuration of components of the information (automated) system and/or information security tools, as well as the absence of such components and/or information security tools. 
This threat can be implemented if there are no security measures related to monitoring, collecting and analyzing data on information security events (no security event registration measures).";An internal intruder with an average potential;Software, data communication (transmission) channels;0;1;1;15.11.2019;15.11.2019
215;Threat of unauthorized access to the system using third-party services;"The threat consists in the possibility of the violator performing destructive software influence on the discredited system using third-party legitimate services (social networks, instant messengers, code repositories, etc.) used as an intermediary. 
This threat can be implemented if the discredited system is already compromised.";External intruder with medium potential;Software (programs);1;1;1;15.11.2019;15.11.2019
216;Threat of unauthorized access to applications installed on Smart cards;"The threat consists in the possibility of an intruder's unauthorized access to applications installed on Smart cards by sending specially generated control commands (for example, specially generated SMS messages sent to the SIM card).
This threat is caused by the presence of vulnerabilities in applications installed on Smart cards.
Implementation of this threat is possible when using Smart cards of the Java Card type";External intruder with medium potential;Software (programs);1;1;1;15.11.2019;15.11.2019
217;Threat of using a compromised trusted software update source;"The threat consists in the possibility of introducing malicious code into the information system by using compromised trusted software update sources. 
This threat can be implemented if you use compromised trusted software update servers";"Internal intruder with medium potential; External intruder with medium potential";Information system, files;1;1;1;11.02.2020;11.02.2020
218;Threat of disclosure of information about the machine learning model;"The threat lies in the possibility of an intruder disclosing information about the machine learning model used in an information (automated) system. 
This threat is caused by weaknesses in access control in information (automated) systems that use machine learning. 
This threat can be implemented if the intruder has direct access to the machine learning model";"External intruder with high potential; Internal intruder with medium potential";"Software (s) that use machine learning; machine learning models";1;0;0;15.12.2020;16.12.2020
219;Threat of theft of training data;"The threat consists in the possibility of theft by the violator of training data used in an information (automated) system that implements artificial intelligence technologies.
This threat is caused by weaknesses in the differentiation of access to training data used in the information (automated) system. 
This threat can be implemented if the intruder has direct access to the training data";"External intruder with medium potential; Internal intruder with medium potential";"Software (s) that use machine learning; machine learning training data";1;0;0;15.12.2020;16.12.2020
220;"Threat of disruption of functioning (""circumvention"") of means implementing artificial intelligence technologies";"The threat consists in the possibility of disruption of the functioning (""circumvention"") by the violator of the means that implement artificial intelligence technologies.
This threat is caused by the following reasons: 
- no necessary data in the training set;
- the presence of shortcomings in the machine learning model;";"External intruder with high potential; Internal intruder with medium potential";Software (programs) that implement artificial intelligence technologies;1;0;0;15.12.2020;16.12.2020
221;"Threat of modification of the machine learning model by distorting (""poisoning"") training data";"The threat lies in the possibility of modifying (distorting) the machine learning model used in an information (automated) system that implements artificial intelligence technologies.
This threat is caused by: 
- disadvantages of implementing the machine learning process; 
- disadvantages of the device of machine learning algorithms. 
This threat can be implemented if the intruder has the ability to influence the machine learning process";"External intruder with high potential; Internal intruder with medium potential";"Software (s) that use machine learning; machine learning models; machine learning training data";0;1;0;15.12.2020;16.12.2020
222;The threat of spoofing the machine learning model;"The threat lies in the possibility of an intruder replacing the machine learning model used in an information (automated) system that implements artificial intelligence technologies.
This threat is caused by weaknesses in access control in information (automated) systems that use machine learning. 
This threat can be implemented if the intruder has direct access to the machine learning model";A high-potential domestic intruder;"Software (s) that use machine learning; machine learning models";1;1;0;15.12.2020;16.12.2020
